{
  "serviceTitle": "Ortsbezirke Trier",
  "collectionId": "2357",
  "collectionName": "ms:grenze_ortsbezirke",
  "collectionTitle": "Ortsbezirke Trier",
  "title": "Ortsbezirke Trier",
  "id": "ms:grenze_ortsbezirke",
  "description": "Grenzen der Ortsbezirke Trier",
  "extent": {
    "spatial": {
      "minx": "6.5415180017919",
      "miny": "49.691966433987",
      "maxx": "6.75592394632918",
      "maxy": "49.8615228004707"
    },
    "temporal": []
  },
  "type": "FeatureCollection",
  "links": [
    {
      "rel": "self",
      "type": "application/geo+json",
      "title": "this document",
      "href": "https://www.geoportal.rlp.de/spatial-objects/466/collections/ms:grenze_ortsbezirke/items?offset=10&limit=10&f=json"
    },
    {
      "rel": "next",
      "type": "application/geo+json",
      "title": "next page",
      "href": "https://www.geoportal.rlp.de/spatial-objects/466/collections/ms:grenze_ortsbezirke/items?offset=20&limit=10&f=json"
    },
    {
      "rel": "last",
      "type": "application/geo+json",
      "title": "last page",
      "href": "https://www.geoportal.rlp.de/spatial-objects/466/collections/ms:grenze_ortsbezirke/items?offset=10&limit=10&f=json"
    }
  ],
  "numberMatched": 19,
  "numberReturned": 9,
  "timeStamp": "2026-02-06T18:44:07.3600Z",
  "genTime": 0.444612979888916,
  "features": [
    {
      "type": "Feature",
      "properties": {
        "ID1": 11,
        "ORTSBEZIRK": "Kürenz",
        "ORTSBEZIR1": 42,
        "link": "https://www.trier.de/leben-in-trier/ortsbezirke/"
      },
      "bbox": [
        6.65102,
        49.744344,
        6.701949,
        49.776069
      ],
      "geometry": {
        "type": "Polygon",
        "coordinates": [
          [
            [
              6.691809,
              49.744344
            ],
            [
              6.690662,
              49.745552
            ],
            [
              6.690287,
              49.745916
            ],
            [
              6.689631,
              49.746552
            ],
            [
              6.688765,
              49.747359
            ],
            [
              6.687237,
              49.748848
            ],
            [
              6.68686,
              49.749196
            ],
            [
              6.686794,
              49.749257
            ],
            [
              6.685007,
              49.750902
            ],
            [
              6.68442,
              49.751469
            ],
            [
              6.683668,
              49.751058
            ],
            [
              6.682896,
              49.750636
            ],
            [
              6.682268,
              49.750231
            ],
            [
              6.681909,
              49.749986
            ],
            [
              6.681575,
              49.749826
            ],
            [
              6.681151,
              49.74957
            ],
            [
              6.6807,
              49.749297
            ],
            [
              6.678975,
              49.748259
            ],
            [
              6.678857,
              49.748183
            ],
            [
              6.677995,
              49.747843
            ],
            [
              6.677263,
              49.747552
            ],
            [
              6.67659,
              49.747032
            ],
            [
              6.675966,
              49.746664
            ],
            [
              6.67595,
              49.746635
            ],
            [
              6.675116,
              49.746753
            ],
            [
              6.674118,
              49.746919
            ],
            [
              6.673556,
              49.74714
            ],
            [
              6.673424,
              49.747421
            ],
            [
              6.673529,
              49.747759
            ],
            [
              6.67372,
              49.748413
            ],
            [
              6.674036,
              49.74945
            ],
            [
              6.67513,
              49.75035
            ],
            [
              6.675738,
              49.750643
            ],
            [
              6.676577,
              49.751044
            ],
            [
              6.676467,
              49.751226
            ],
            [
              6.676299,
              49.751423
            ],
            [
              6.675785,
              49.751965
            ],
            [
              6.675746,
              49.752007
            ],
            [
              6.675618,
              49.752143
            ],
            [
              6.674917,
              49.752254
            ],
            [
              6.668242,
              49.753431
            ],
            [
              6.667193,
              49.752829
            ],
            [
              6.666561,
              49.752484
            ],
            [
              6.665889,
              49.752115
            ],
            [
              6.665249,
              49.751762
            ],
            [
              6.664669,
              49.751441
            ],
            [
              6.663366,
              49.750722
            ],
            [
              6.662886,
              49.750459
            ],
            [
              6.662074,
              49.750014
            ],
            [
              6.661794,
              49.749846
            ],
            [
              6.661626,
              49.749742
            ],
            [
              6.661426,
              49.749607
            ],
            [
              6.661151,
              49.749396
            ],
            [
              6.660958,
              49.749234
            ],
            [
              6.660743,
              49.749032
            ],
            [
              6.660247,
              49.748522
            ],
            [
              6.660106,
              49.748373
            ],
            [
              6.659968,
              49.74823
            ],
            [
              6.659803,
              49.748086
            ],
            [
              6.659671,
              49.747993
            ],
            [
              6.658764,
              49.748657
            ],
            [
              6.65814,
              49.749125
            ],
            [
              6.658896,
              49.749782
            ],
            [
              6.659004,
              49.749836
            ],
            [
              6.659547,
              49.750291
            ],
            [
              6.660353,
              49.750697
            ],
            [
              6.661089,
              49.751052
            ],
            [
              6.661989,
              49.751635
            ],
            [
              6.661213,
              49.752089
            ],
            [
              6.661784,
              49.752434
            ],
            [
              6.662803,
              49.753138
            ],
            [
              6.663946,
              49.753787
            ],
            [
              6.664265,
              49.753636
            ],
            [
              6.665001,
              49.754076
            ],
            [
              6.6639,
              49.754422
            ],
            [
              6.663446,
              49.754596
            ],
            [
              6.663069,
              49.754727
            ],
            [
              6.662377,
              49.754845
            ],
            [
              6.661739,
              49.754774
            ],
            [
              6.660728,
              49.754635
            ],
            [
              6.660035,
              49.754504
            ],
            [
              6.659537,
              49.754373
            ],
            [
              6.659079,
              49.754214
            ],
            [
              6.658668,
              49.754037
            ],
            [
              6.657999,
              49.753709
            ],
            [
              6.657382,
              49.753389
            ],
            [
              6.656257,
              49.752816
            ],
            [
              6.65613,
              49.752825
            ],
            [
              6.65606,
              49.752892
            ],
            [
              6.656017,
              49.753115
            ],
            [
              6.655952,
              49.753311
            ],
            [
              6.655883,
              49.753406
            ],
            [
              6.655638,
              49.75366
            ],
            [
              6.655443,
              49.753714
            ],
            [
              6.655027,
              49.753774
            ],
            [
              6.655388,
              49.754222
            ],
            [
              6.655788,
              49.754555
            ],
            [
              6.655859,
              49.754527
            ],
            [
              6.65629,
              49.754849
            ],
            [
              6.656471,
              49.754961
            ],
            [
              6.656876,
              49.75521
            ],
            [
              6.657561,
              49.755842
            ],
            [
              6.657254,
              49.75608
            ],
            [
              6.657216,
              49.756107
            ],
            [
              6.656974,
              49.755976
            ],
            [
              6.656968,
              49.755979
            ],
            [
              6.656446,
              49.755697
            ],
            [
              6.655936,
              49.755431
            ],
            [
              6.65585,
              49.755387
            ],
            [
              6.655753,
              49.755323
            ],
            [
              6.655626,
              49.755236
            ],
            [
              6.654777,
              49.75576
            ],
            [
              6.654308,
              49.75548
            ],
            [
              6.653795,
              49.755785
            ],
            [
              6.653322,
              49.756145
            ],
            [
              6.653167,
              49.75621
            ],
            [
              6.652883,
              49.755962
            ],
            [
              6.651358,
              49.755023
            ],
            [
              6.65102,
              49.755838
            ],
            [
              6.651717,
              49.756527
            ],
            [
              6.652874,
              49.75769
            ],
            [
              6.652636,
              49.7578
            ],
            [
              6.652721,
              49.75787
            ],
            [
              6.652898,
              49.758036
            ],
            [
              6.653639,
              49.758778
            ],
            [
              6.654621,
              49.759766
            ],
            [
              6.655358,
              49.760488
            ],
            [
              6.656,
              49.761002
            ],
            [
              6.656203,
              49.760877
            ],
            [
              6.65648,
              49.76111
            ],
            [
              6.656706,
              49.761273
            ],
            [
              6.656931,
              49.761435
            ],
            [
              6.657138,
              49.761567
            ],
            [
              6.65737,
              49.761704
            ],
            [
              6.658352,
              49.762289
            ],
            [
              6.660224,
              49.76322
            ],
            [
              6.661317,
              49.763651
            ],
            [
              6.663241,
              49.764408
            ],
            [
              6.663694,
              49.764587
            ],
            [
              6.665022,
              49.765112
            ],
            [
              6.666584,
              49.765707
            ],
            [
              6.668079,
              49.766307
            ],
            [
              6.671351,
              49.76759
            ],
            [
              6.672403,
              49.768007
            ],
            [
              6.675656,
              49.769525
            ],
            [
              6.676596,
              49.769939
            ],
            [
              6.677971,
              49.770546
            ],
            [
              6.679167,
              49.77102
            ],
            [
              6.680542,
              49.771504
            ],
            [
              6.682199,
              49.772175
            ],
            [
              6.682613,
              49.772467
            ],
            [
              6.683805,
              49.772527
            ],
            [
              6.684542,
              49.772564
            ],
            [
              6.68474,
              49.772579
            ],
            [
              6.684917,
              49.772595
            ],
            [
              6.685118,
              49.77262
            ],
            [
              6.685288,
              49.772645
            ],
            [
              6.68542,
              49.77267
            ],
            [
              6.685564,
              49.772697
            ],
            [
              6.685696,
              49.77273
            ],
            [
              6.685836,
              49.772764
            ],
            [
              6.685987,
              49.772807
            ],
            [
              6.687004,
              49.77311
            ],
            [
              6.687383,
              49.773224
            ],
            [
              6.687734,
              49.773331
            ],
            [
              6.688074,
              49.773451
            ],
            [
              6.689133,
              49.773787
            ],
            [
              6.690891,
              49.774344
            ],
            [
              6.691499,
              49.774545
            ],
            [
              6.692087,
              49.774768
            ],
            [
              6.692673,
              49.775042
            ],
            [
              6.693318,
              49.775333
            ],
            [
              6.693682,
              49.775509
            ],
            [
              6.694163,
              49.775762
            ],
            [
              6.694168,
              49.775756
            ],
            [
              6.694426,
              49.775888
            ],
            [
              6.694588,
              49.775979
            ],
            [
              6.694749,
              49.776069
            ],
            [
              6.695023,
              49.775881
            ],
            [
              6.695013,
              49.775869
            ],
            [
              6.695061,
              49.775789
            ],
            [
              6.695045,
              49.775517
            ],
            [
              6.695135,
              49.775316
            ],
            [
              6.695283,
              49.775059
            ],
            [
              6.695157,
              49.774691
            ],
            [
              6.69517,
              49.774623
            ],
            [
              6.695108,
              49.774582
            ],
            [
              6.6951,
              49.774468
            ],
            [
              6.695044,
              49.774459
            ],
            [
              6.695058,
              49.77435
            ],
            [
              6.694907,
              49.774205
            ],
            [
              6.694964,
              49.774167
            ],
            [
              6.694923,
              49.774015
            ],
            [
              6.694821,
              49.77395
            ],
            [
              6.694839,
              49.773831
            ],
            [
              6.694797,
              49.773794
            ],
            [
              6.694824,
              49.773717
            ],
            [
              6.694823,
              49.773578
            ],
            [
              6.694775,
              49.773549
            ],
            [
              6.694821,
              49.773454
            ],
            [
              6.694761,
              49.773394
            ],
            [
              6.694685,
              49.773051
            ],
            [
              6.694707,
              49.772998
            ],
            [
              6.69464,
              49.772867
            ],
            [
              6.694676,
              49.772832
            ],
            [
              6.694547,
              49.77259
            ],
            [
              6.694615,
              49.772453
            ],
            [
              6.694558,
              49.772394
            ],
            [
              6.69457,
              49.772287
            ],
            [
              6.69455,
              49.772275
            ],
            [
              6.694545,
              49.772114
            ],
            [
              6.694592,
              49.772031
            ],
            [
              6.69462,
              49.771991
            ],
            [
              6.694649,
              49.771842
            ],
            [
              6.694739,
              49.771648
            ],
            [
              6.694693,
              49.771614
            ],
            [
              6.694793,
              49.771502
            ],
            [
              6.694815,
              49.771397
            ],
            [
              6.694884,
              49.771335
            ],
            [
              6.694934,
              49.771309
            ],
            [
              6.69499,
              49.77113
            ],
            [
              6.694985,
              49.771066
            ],
            [
              6.695082,
              49.770962
            ],
            [
              6.695142,
              49.770734
            ],
            [
              6.695167,
              49.770692
            ],
            [
              6.695177,
              49.770673
            ],
            [
              6.695202,
              49.770631
            ],
            [
              6.695103,
              49.770405
            ],
            [
              6.693903,
              49.769703
            ],
            [
              6.692882,
              49.768835
            ],
            [
              6.69278,
              49.768748
            ],
            [
              6.691658,
              49.76816
            ],
            [
              6.691262,
              49.767795
            ],
            [
              6.691116,
              49.76766
            ],
            [
              6.690551,
              49.767138
            ],
            [
              6.690514,
              49.767104
            ],
            [
              6.690244,
              49.766855
            ],
            [
              6.69015,
              49.766768
            ],
            [
              6.690054,
              49.766685
            ],
            [
              6.689334,
              49.766061
            ],
            [
              6.689164,
              49.765914
            ],
            [
              6.68912,
              49.765875
            ],
            [
              6.689,
              49.765772
            ],
            [
              6.688954,
              49.765732
            ],
            [
              6.68754,
              49.764903
            ],
            [
              6.686086,
              49.764032
            ],
            [
              6.686265,
              49.763962
            ],
            [
              6.68646,
              49.763889
            ],
            [
              6.686522,
              49.763866
            ],
            [
              6.686602,
              49.763836
            ],
            [
              6.68672,
              49.763466
            ],
            [
              6.68683,
              49.762993
            ],
            [
              6.686836,
              49.762956
            ],
            [
              6.686826,
              49.762887
            ],
            [
              6.686822,
              49.762861
            ],
            [
              6.686821,
              49.762852
            ],
            [
              6.686813,
              49.762808
            ],
            [
              6.686812,
              49.762798
            ],
            [
              6.68679,
              49.762671
            ],
            [
              6.686731,
              49.762295
            ],
            [
              6.686702,
              49.762098
            ],
            [
              6.686618,
              49.76158
            ],
            [
              6.686652,
              49.761199
            ],
            [
              6.686669,
              49.761022
            ],
            [
              6.686671,
              49.760999
            ],
            [
              6.686745,
              49.76087
            ],
            [
              6.687094,
              49.760277
            ],
            [
              6.687872,
              49.760135
            ],
            [
              6.688658,
              49.759997
            ],
            [
              6.689872,
              49.759776
            ],
            [
              6.690074,
              49.75972
            ],
            [
              6.690147,
              49.7597
            ],
            [
              6.690443,
              49.75962
            ],
            [
              6.691144,
              49.759431
            ],
            [
              6.692022,
              49.758964
            ],
            [
              6.692105,
              49.758919
            ],
            [
              6.692263,
              49.758835
            ],
            [
              6.692348,
              49.75879
            ],
            [
              6.692869,
              49.758509
            ],
            [
              6.694266,
              49.757911
            ],
            [
              6.694321,
              49.757891
            ],
            [
              6.694566,
              49.757803
            ],
            [
              6.694645,
              49.757774
            ],
            [
              6.696011,
              49.757288
            ],
            [
              6.696535,
              49.757081
            ],
            [
              6.697686,
              49.756569
            ],
            [
              6.698976,
              49.755988
            ],
            [
              6.700325,
              49.755088
            ],
            [
              6.700617,
              49.754802
            ],
            [
              6.701341,
              49.754059
            ],
            [
              6.701387,
              49.754074
            ],
            [
              6.701531,
              49.753494
            ],
            [
              6.701694,
              49.752637
            ],
            [
              6.701798,
              49.751855
            ],
            [
              6.701949,
              49.75064
            ],
            [
              6.701786,
              49.750299
            ],
            [
              6.70142,
              49.749478
            ],
            [
              6.701199,
              49.749005
            ],
            [
              6.700903,
              49.748301
            ],
            [
              6.700819,
              49.748187
            ],
            [
              6.699438,
              49.74784
            ],
            [
              6.698792,
              49.74768
            ],
            [
              6.698212,
              49.747642
            ],
            [
              6.69672,
              49.747751
            ],
            [
              6.695928,
              49.748185
            ],
            [
              6.69493,
              49.748199
            ],
            [
              6.694732,
              49.748162
            ],
            [
              6.692591,
              49.748742
            ],
            [
              6.69267,
              49.748553
            ],
            [
              6.692709,
              49.748453
            ],
            [
              6.692764,
              49.748286
            ],
            [
              6.692799,
              49.748079
            ],
            [
              6.692819,
              49.747936
            ],
            [
              6.69278,
              49.747915
            ],
            [
              6.692724,
              49.747653
            ],
            [
              6.692743,
              49.7475
            ],
            [
              6.692689,
              49.747352
            ],
            [
              6.692604,
              49.747147
            ],
            [
              6.69251,
              49.746969
            ],
            [
              6.692385,
              49.746785
            ],
            [
              6.69224,
              49.746593
            ],
            [
              6.692164,
              49.746528
            ],
            [
              6.691912,
              49.746297
            ],
            [
              6.691628,
              49.746079
            ],
            [
              6.69283,
              49.745556
            ],
            [
              6.693133,
              49.745195
            ],
            [
              6.69302,
              49.744789
            ],
            [
              6.691809,
              49.744344
            ]
          ]
        ]
      },
      "$schema": null,
      "$context": null
    },
    {
      "type": "Feature",
      "properties": {
        "ID1": 12,
        "ORTSBEZIRK": "Filsch",
        "ORTSBEZIR1": 44,
        "link": "https://www.trier.de/leben-in-trier/ortsbezirke/"
      },
      "bbox": [
        6.693496,
        49.729289,
        6.723178,
        49.741384
      ],
      "geometry": {
        "type": "Polygon",
        "coordinates": [
          [
            [
              6.693496,
              49.732312
            ],
            [
              6.693501,
              49.732321
            ],
            [
              6.693537,
              49.732382
            ],
            [
              6.69396,
              49.73275
            ],
            [
              6.694762,
              49.73345
            ],
            [
              6.695021,
              49.733543
            ],
            [
              6.694251,
              49.733626
            ],
            [
              6.694063,
              49.734931
            ],
            [
              6.695513,
              49.73623
            ],
            [
              6.69577,
              49.736548
            ],
            [
              6.695984,
              49.737063
            ],
            [
              6.696206,
              49.737778
            ],
            [
              6.697242,
              49.737992
            ],
            [
              6.698382,
              49.73833
            ],
            [
              6.699372,
              49.73807
            ],
            [
              6.700014,
              49.737813
            ],
            [
              6.70049,
              49.737624
            ],
            [
              6.700723,
              49.737543
            ],
            [
              6.700956,
              49.737479
            ],
            [
              6.701277,
              49.737418
            ],
            [
              6.701821,
              49.737352
            ],
            [
              6.70212,
              49.737827
            ],
            [
              6.703075,
              49.739374
            ],
            [
              6.703532,
              49.739363
            ],
            [
              6.704002,
              49.74066
            ],
            [
              6.704216,
              49.741099
            ],
            [
              6.70431,
              49.741291
            ],
            [
              6.704382,
              49.741384
            ],
            [
              6.704657,
              49.741307
            ],
            [
              6.705049,
              49.74115
            ],
            [
              6.70541,
              49.741
            ],
            [
              6.705833,
              49.740806
            ],
            [
              6.706233,
              49.740592
            ],
            [
              6.706744,
              49.740274
            ],
            [
              6.707325,
              49.739801
            ],
            [
              6.707911,
              49.739406
            ],
            [
              6.710332,
              49.740213
            ],
            [
              6.710581,
              49.740156
            ],
            [
              6.710969,
              49.740087
            ],
            [
              6.711496,
              49.740095
            ],
            [
              6.713399,
              49.74045
            ],
            [
              6.715657,
              49.74064
            ],
            [
              6.715761,
              49.740633
            ],
            [
              6.71773,
              49.74023
            ],
            [
              6.717931,
              49.740187
            ],
            [
              6.719584,
              49.739218
            ],
            [
              6.721194,
              49.738263
            ],
            [
              6.722575,
              49.737444
            ],
            [
              6.723067,
              49.737152
            ],
            [
              6.723097,
              49.737135
            ],
            [
              6.723178,
              49.737088
            ],
            [
              6.722392,
              49.736637
            ],
            [
              6.722376,
              49.736628
            ],
            [
              6.722359,
              49.736618
            ],
            [
              6.722084,
              49.73646
            ],
            [
              6.721784,
              49.736288
            ],
            [
              6.721687,
              49.736233
            ],
            [
              6.721529,
              49.736142
            ],
            [
              6.721429,
              49.736085
            ],
            [
              6.721091,
              49.735892
            ],
            [
              6.721056,
              49.735872
            ],
            [
              6.720807,
              49.735728
            ],
            [
              6.720762,
              49.735702
            ],
            [
              6.720591,
              49.735603
            ],
            [
              6.720532,
              49.735569
            ],
            [
              6.720464,
              49.735529
            ],
            [
              6.720196,
              49.735374
            ],
            [
              6.720049,
              49.735288
            ],
            [
              6.719824,
              49.735159
            ],
            [
              6.719821,
              49.735158
            ],
            [
              6.719649,
              49.735106
            ],
            [
              6.719286,
              49.734998
            ],
            [
              6.71909,
              49.73494
            ],
            [
              6.71886,
              49.734871
            ],
            [
              6.718466,
              49.734754
            ],
            [
              6.718363,
              49.734723
            ],
            [
              6.718147,
              49.734659
            ],
            [
              6.718056,
              49.734632
            ],
            [
              6.718043,
              49.734629
            ],
            [
              6.717263,
              49.734444
            ],
            [
              6.71716,
              49.734458
            ],
            [
              6.717137,
              49.734417
            ],
            [
              6.715571,
              49.73408
            ],
            [
              6.715474,
              49.734096
            ],
            [
              6.715441,
              49.734051
            ],
            [
              6.71479,
              49.733903
            ],
            [
              6.714485,
              49.733834
            ],
            [
              6.714355,
              49.733804
            ],
            [
              6.714276,
              49.733786
            ],
            [
              6.713998,
              49.733829
            ],
            [
              6.713717,
              49.733958
            ],
            [
              6.713568,
              49.734064
            ],
            [
              6.713466,
              49.73418
            ],
            [
              6.713407,
              49.73431
            ],
            [
              6.713298,
              49.734291
            ],
            [
              6.713299,
              49.734102
            ],
            [
              6.713339,
              49.733998
            ],
            [
              6.713423,
              49.733782
            ],
            [
              6.713522,
              49.733649
            ],
            [
              6.713606,
              49.733586
            ],
            [
              6.713635,
              49.733565
            ],
            [
              6.713743,
              49.733515
            ],
            [
              6.714046,
              49.733374
            ],
            [
              6.714199,
              49.733301
            ],
            [
              6.714418,
              49.733107
            ],
            [
              6.714476,
              49.733055
            ],
            [
              6.71445,
              49.73301
            ],
            [
              6.714446,
              49.732988
            ],
            [
              6.714258,
              49.732968
            ],
            [
              6.713607,
              49.732898
            ],
            [
              6.71262,
              49.732713
            ],
            [
              6.711881,
              49.732651
            ],
            [
              6.711475,
              49.732522
            ],
            [
              6.711091,
              49.732409
            ],
            [
              6.710603,
              49.732699
            ],
            [
              6.710061,
              49.732978
            ],
            [
              6.709429,
              49.733254
            ],
            [
              6.708671,
              49.733555
            ],
            [
              6.707979,
              49.733785
            ],
            [
              6.707377,
              49.733474
            ],
            [
              6.706573,
              49.733609
            ],
            [
              6.705271,
              49.73292
            ],
            [
              6.704515,
              49.733005
            ],
            [
              6.704537,
              49.732829
            ],
            [
              6.704581,
              49.732502
            ],
            [
              6.70459,
              49.732326
            ],
            [
              6.704588,
              49.732149
            ],
            [
              6.704544,
              49.731914
            ],
            [
              6.704501,
              49.73175
            ],
            [
              6.704435,
              49.73157
            ],
            [
              6.704377,
              49.731446
            ],
            [
              6.704141,
              49.73102
            ],
            [
              6.703816,
              49.730438
            ],
            [
              6.70364,
              49.730148
            ],
            [
              6.703459,
              49.729916
            ],
            [
              6.703337,
              49.72981
            ],
            [
              6.703186,
              49.729698
            ],
            [
              6.702997,
              49.729586
            ],
            [
              6.702821,
              49.729503
            ],
            [
              6.702691,
              49.729449
            ],
            [
              6.70254,
              49.729397
            ],
            [
              6.70234,
              49.729341
            ],
            [
              6.702205,
              49.729322
            ],
            [
              6.701964,
              49.729297
            ],
            [
              6.701717,
              49.729289
            ],
            [
              6.701433,
              49.729292
            ],
            [
              6.701188,
              49.729325
            ],
            [
              6.700946,
              49.72937
            ],
            [
              6.700077,
              49.729607
            ],
            [
              6.698909,
              49.729939
            ],
            [
              6.697227,
              49.730418
            ],
            [
              6.696828,
              49.730525
            ],
            [
              6.69652,
              49.730585
            ],
            [
              6.696245,
              49.730621
            ],
            [
              6.6963,
              49.730705
            ],
            [
              6.696459,
              49.730727
            ],
            [
              6.696592,
              49.730724
            ],
            [
              6.696919,
              49.730713
            ],
            [
              6.697151,
              49.730714
            ],
            [
              6.696774,
              49.730984
            ],
            [
              6.696205,
              49.731325
            ],
            [
              6.6958,
              49.731571
            ],
            [
              6.695577,
              49.731675
            ],
            [
              6.694923,
              49.731825
            ],
            [
              6.694379,
              49.731948
            ],
            [
              6.694387,
              49.732071
            ],
            [
              6.694312,
              49.732094
            ],
            [
              6.694202,
              49.732083
            ],
            [
              6.694132,
              49.732067
            ],
            [
              6.693496,
              49.732312
            ]
          ]
        ]
      },
      "$schema": null,
      "$context": null
    },
    {
      "type": "Feature",
      "properties": {
        "ID1": 13,
        "ORTSBEZIRK": "Olewig",
        "ORTSBEZIR1": 41,
        "link": "https://www.trier.de/leben-in-trier/ortsbezirke/"
      },
      "bbox": [
        6.648864,
        49.733513,
        6.684599,
        49.753431
      ],
      "geometry": {
        "type": "Polygon",
        "coordinates": [
          [
            [
              6.659671,
              49.747993
            ],
            [
              6.659803,
              49.748086
            ],
            [
              6.659968,
              49.74823
            ],
            [
              6.660106,
              49.748373
            ],
            [
              6.660247,
              49.748522
            ],
            [
              6.660743,
              49.749032
            ],
            [
              6.660958,
              49.749234
            ],
            [
              6.661151,
              49.749396
            ],
            [
              6.661426,
              49.749607
            ],
            [
              6.661626,
              49.749742
            ],
            [
              6.661794,
              49.749846
            ],
            [
              6.662074,
              49.750014
            ],
            [
              6.662886,
              49.750459
            ],
            [
              6.663366,
              49.750722
            ],
            [
              6.664669,
              49.751441
            ],
            [
              6.665249,
              49.751762
            ],
            [
              6.665889,
              49.752115
            ],
            [
              6.666561,
              49.752484
            ],
            [
              6.667193,
              49.752829
            ],
            [
              6.668242,
              49.753431
            ],
            [
              6.674917,
              49.752254
            ],
            [
              6.675251,
              49.752201
            ],
            [
              6.675265,
              49.752199
            ],
            [
              6.675618,
              49.752143
            ],
            [
              6.675746,
              49.752007
            ],
            [
              6.675785,
              49.751965
            ],
            [
              6.676299,
              49.751423
            ],
            [
              6.676467,
              49.751226
            ],
            [
              6.676577,
              49.751044
            ],
            [
              6.675738,
              49.750643
            ],
            [
              6.67513,
              49.75035
            ],
            [
              6.674036,
              49.74945
            ],
            [
              6.67372,
              49.748413
            ],
            [
              6.673529,
              49.747759
            ],
            [
              6.673424,
              49.747421
            ],
            [
              6.673556,
              49.74714
            ],
            [
              6.674118,
              49.746919
            ],
            [
              6.675116,
              49.746753
            ],
            [
              6.67595,
              49.746635
            ],
            [
              6.675928,
              49.746592
            ],
            [
              6.67639,
              49.746148
            ],
            [
              6.676567,
              49.745933
            ],
            [
              6.676729,
              49.745638
            ],
            [
              6.67675,
              49.745586
            ],
            [
              6.67687,
              49.745554
            ],
            [
              6.676993,
              49.745742
            ],
            [
              6.677087,
              49.74593
            ],
            [
              6.677047,
              49.746244
            ],
            [
              6.6769,
              49.746532
            ],
            [
              6.676909,
              49.746653
            ],
            [
              6.677037,
              49.746822
            ],
            [
              6.67725,
              49.746993
            ],
            [
              6.677452,
              49.747065
            ],
            [
              6.678962,
              49.747326
            ],
            [
              6.679796,
              49.747716
            ],
            [
              6.680656,
              49.74817
            ],
            [
              6.681051,
              49.748303
            ],
            [
              6.682031,
              49.748707
            ],
            [
              6.682341,
              49.748839
            ],
            [
              6.682442,
              49.748858
            ],
            [
              6.682501,
              49.74882
            ],
            [
              6.682479,
              49.748726
            ],
            [
              6.682482,
              49.748625
            ],
            [
              6.682553,
              49.74833
            ],
            [
              6.683074,
              49.747872
            ],
            [
              6.683529,
              49.747468
            ],
            [
              6.682631,
              49.746907
            ],
            [
              6.6827,
              49.746839
            ],
            [
              6.682894,
              49.746712
            ],
            [
              6.68306,
              49.746542
            ],
            [
              6.683309,
              49.745854
            ],
            [
              6.683152,
              49.745641
            ],
            [
              6.682821,
              49.745715
            ],
            [
              6.682532,
              49.74576
            ],
            [
              6.682341,
              49.745728
            ],
            [
              6.6818,
              49.745542
            ],
            [
              6.681501,
              49.74537
            ],
            [
              6.681363,
              49.745452
            ],
            [
              6.681098,
              49.745011
            ],
            [
              6.680963,
              49.744507
            ],
            [
              6.680949,
              49.744458
            ],
            [
              6.680905,
              49.744294
            ],
            [
              6.680863,
              49.74407
            ],
            [
              6.680846,
              49.743672
            ],
            [
              6.679883,
              49.743709
            ],
            [
              6.679911,
              49.743118
            ],
            [
              6.680011,
              49.742688
            ],
            [
              6.68007,
              49.742567
            ],
            [
              6.680172,
              49.742435
            ],
            [
              6.680313,
              49.742353
            ],
            [
              6.680985,
              49.742201
            ],
            [
              6.681668,
              49.742138
            ],
            [
              6.682166,
              49.742106
            ],
            [
              6.682467,
              49.74205
            ],
            [
              6.682671,
              49.741986
            ],
            [
              6.682923,
              49.741898
            ],
            [
              6.683632,
              49.741581
            ],
            [
              6.68376,
              49.741457
            ],
            [
              6.683821,
              49.741328
            ],
            [
              6.683813,
              49.741167
            ],
            [
              6.683681,
              49.740964
            ],
            [
              6.68357,
              49.740844
            ],
            [
              6.683422,
              49.740566
            ],
            [
              6.683603,
              49.740481
            ],
            [
              6.684381,
              49.740176
            ],
            [
              6.684363,
              49.740159
            ],
            [
              6.684599,
              49.740066
            ],
            [
              6.684138,
              49.739601
            ],
            [
              6.683925,
              49.739171
            ],
            [
              6.683442,
              49.738975
            ],
            [
              6.681849,
              49.739414
            ],
            [
              6.681817,
              49.739294
            ],
            [
              6.681715,
              49.73891
            ],
            [
              6.681637,
              49.738675
            ],
            [
              6.68159,
              49.738531
            ],
            [
              6.681532,
              49.738356
            ],
            [
              6.681411,
              49.738065
            ],
            [
              6.681269,
              49.737694
            ],
            [
              6.681217,
              49.737264
            ],
            [
              6.681313,
              49.736929
            ],
            [
              6.681656,
              49.736603
            ],
            [
              6.681575,
              49.736569
            ],
            [
              6.681355,
              49.736538
            ],
            [
              6.681175,
              49.736581
            ],
            [
              6.680869,
              49.7367
            ],
            [
              6.680174,
              49.73685
            ],
            [
              6.679639,
              49.736886
            ],
            [
              6.679128,
              49.736875
            ],
            [
              6.678731,
              49.736845
            ],
            [
              6.677334,
              49.736945
            ],
            [
              6.677101,
              49.736698
            ],
            [
              6.676916,
              49.736503
            ],
            [
              6.676808,
              49.73639
            ],
            [
              6.677234,
              49.736228
            ],
            [
              6.677743,
              49.736007
            ],
            [
              6.678141,
              49.735767
            ],
            [
              6.678415,
              49.735504
            ],
            [
              6.67875,
              49.735183
            ],
            [
              6.678869,
              49.735059
            ],
            [
              6.678964,
              49.734937
            ],
            [
              6.679057,
              49.734817
            ],
            [
              6.679183,
              49.734689
            ],
            [
              6.679313,
              49.734581
            ],
            [
              6.679418,
              49.734494
            ],
            [
              6.679461,
              49.734464
            ],
            [
              6.679652,
              49.734332
            ],
            [
              6.679966,
              49.734117
            ],
            [
              6.679933,
              49.734098
            ],
            [
              6.679248,
              49.733513
            ],
            [
              6.678724,
              49.733771
            ],
            [
              6.678272,
              49.73412
            ],
            [
              6.677918,
              49.734269
            ],
            [
              6.677112,
              49.734898
            ],
            [
              6.676854,
              49.735191
            ],
            [
              6.676732,
              49.735289
            ],
            [
              6.676169,
              49.73552
            ],
            [
              6.675718,
              49.735777
            ],
            [
              6.675309,
              49.735993
            ],
            [
              6.674946,
              49.736255
            ],
            [
              6.674926,
              49.736332
            ],
            [
              6.67482,
              49.736415
            ],
            [
              6.674655,
              49.73649
            ],
            [
              6.674632,
              49.736559
            ],
            [
              6.67462,
              49.736594
            ],
            [
              6.674437,
              49.736802
            ],
            [
              6.674366,
              49.736966
            ],
            [
              6.67415,
              49.73726
            ],
            [
              6.673907,
              49.737532
            ],
            [
              6.673729,
              49.737677
            ],
            [
              6.673359,
              49.737882
            ],
            [
              6.673214,
              49.737963
            ],
            [
              6.673127,
              49.737851
            ],
            [
              6.673083,
              49.737805
            ],
            [
              6.673007,
              49.737726
            ],
            [
              6.672919,
              49.737638
            ],
            [
              6.672815,
              49.737542
            ],
            [
              6.672714,
              49.737438
            ],
            [
              6.672514,
              49.737231
            ],
            [
              6.672224,
              49.737104
            ],
            [
              6.671255,
              49.737536
            ],
            [
              6.671246,
              49.737085
            ],
            [
              6.670316,
              49.736637
            ],
            [
              6.670142,
              49.736559
            ],
            [
              6.67002,
              49.736661
            ],
            [
              6.669772,
              49.736893
            ],
            [
              6.66954,
              49.737043
            ],
            [
              6.669379,
              49.737136
            ],
            [
              6.669109,
              49.737237
            ],
            [
              6.668926,
              49.737306
            ],
            [
              6.668692,
              49.737397
            ],
            [
              6.668618,
              49.737425
            ],
            [
              6.668535,
              49.737506
            ],
            [
              6.668498,
              49.737408
            ],
            [
              6.668116,
              49.737247
            ],
            [
              6.667733,
              49.737203
            ],
            [
              6.667371,
              49.737091
            ],
            [
              6.666847,
              49.737117
            ],
            [
              6.666349,
              49.737125
            ],
            [
              6.665981,
              49.737113
            ],
            [
              6.665815,
              49.737138
            ],
            [
              6.66549,
              49.737263
            ],
            [
              6.664652,
              49.73747
            ],
            [
              6.664512,
              49.737439
            ],
            [
              6.664388,
              49.737429
            ],
            [
              6.664141,
              49.737446
            ],
            [
              6.663699,
              49.73748
            ],
            [
              6.663171,
              49.737495
            ],
            [
              6.662277,
              49.73754
            ],
            [
              6.66115,
              49.737495
            ],
            [
              6.660566,
              49.737477
            ],
            [
              6.660118,
              49.737481
            ],
            [
              6.659483,
              49.737516
            ],
            [
              6.658796,
              49.737605
            ],
            [
              6.657982,
              49.737674
            ],
            [
              6.657656,
              49.737744
            ],
            [
              6.657392,
              49.737846
            ],
            [
              6.657131,
              49.737962
            ],
            [
              6.656963,
              49.738083
            ],
            [
              6.656842,
              49.738276
            ],
            [
              6.656768,
              49.73852
            ],
            [
              6.656695,
              49.738795
            ],
            [
              6.656479,
              49.739002
            ],
            [
              6.656219,
              49.739164
            ],
            [
              6.655254,
              49.739534
            ],
            [
              6.654627,
              49.73972
            ],
            [
              6.654033,
              49.739973
            ],
            [
              6.653716,
              49.740187
            ],
            [
              6.653465,
              49.740312
            ],
            [
              6.652965,
              49.740475
            ],
            [
              6.652442,
              49.740601
            ],
            [
              6.651749,
              49.740709
            ],
            [
              6.651629,
              49.740718
            ],
            [
              6.651633,
              49.740839
            ],
            [
              6.651706,
              49.741009
            ],
            [
              6.651727,
              49.741088
            ],
            [
              6.651689,
              49.741217
            ],
            [
              6.651593,
              49.741358
            ],
            [
              6.651466,
              49.741507
            ],
            [
              6.651314,
              49.741755
            ],
            [
              6.651218,
              49.741914
            ],
            [
              6.651119,
              49.742042
            ],
            [
              6.650989,
              49.742163
            ],
            [
              6.650801,
              49.742293
            ],
            [
              6.650662,
              49.742454
            ],
            [
              6.650523,
              49.742664
            ],
            [
              6.650422,
              49.742825
            ],
            [
              6.6503,
              49.742982
            ],
            [
              6.650128,
              49.74312
            ],
            [
              6.64995,
              49.743224
            ],
            [
              6.649514,
              49.743492
            ],
            [
              6.649395,
              49.743645
            ],
            [
              6.649328,
              49.743779
            ],
            [
              6.649424,
              49.743789
            ],
            [
              6.650091,
              49.743726
            ],
            [
              6.650016,
              49.744307
            ],
            [
              6.649915,
              49.744651
            ],
            [
              6.649778,
              49.744939
            ],
            [
              6.649765,
              49.744971
            ],
            [
              6.649498,
              49.74511
            ],
            [
              6.649358,
              49.745252
            ],
            [
              6.649226,
              49.745469
            ],
            [
              6.649104,
              49.745752
            ],
            [
              6.649083,
              49.745826
            ],
            [
              6.649028,
              49.745947
            ],
            [
              6.648955,
              49.746021
            ],
            [
              6.648864,
              49.746062
            ],
            [
              6.649113,
              49.746132
            ],
            [
              6.64922,
              49.746177
            ],
            [
              6.649199,
              49.746195
            ],
            [
              6.649158,
              49.746216
            ],
            [
              6.64913,
              49.746221
            ],
            [
              6.649192,
              49.746293
            ],
            [
              6.649292,
              49.746378
            ],
            [
              6.649284,
              49.746383
            ],
            [
              6.649309,
              49.746406
            ],
            [
              6.649361,
              49.746425
            ],
            [
              6.649411,
              49.746444
            ],
            [
              6.649817,
              49.747016
            ],
            [
              6.650259,
              49.74774
            ],
            [
              6.650516,
              49.748167
            ],
            [
              6.650806,
              49.748559
            ],
            [
              6.650918,
              49.748687
            ],
            [
              6.651003,
              49.748747
            ],
            [
              6.651077,
              49.748775
            ],
            [
              6.651171,
              49.748764
            ],
            [
              6.65123,
              49.748706
            ],
            [
              6.651229,
              49.748635
            ],
            [
              6.651151,
              49.748571
            ],
            [
              6.650972,
              49.748476
            ],
            [
              6.650848,
              49.748426
            ],
            [
              6.65081,
              49.748372
            ],
            [
              6.650806,
              49.748318
            ],
            [
              6.650849,
              49.748267
            ],
            [
              6.650971,
              49.748255
            ],
            [
              6.651064,
              49.7483
            ],
            [
              6.651151,
              49.748356
            ],
            [
              6.651316,
              49.748204
            ],
            [
              6.653178,
              49.748223
            ],
            [
              6.653309,
              49.748221
            ],
            [
              6.653287,
              49.747733
            ],
            [
              6.653233,
              49.74746
            ],
            [
              6.653133,
              49.747119
            ],
            [
              6.653113,
              49.746941
            ],
            [
              6.653148,
              49.746852
            ],
            [
              6.653194,
              49.746777
            ],
            [
              6.653273,
              49.746713
            ],
            [
              6.653375,
              49.74666
            ],
            [
              6.653492,
              49.746624
            ],
            [
              6.653643,
              49.746605
            ],
            [
              6.653811,
              49.746608
            ],
            [
              6.653982,
              49.746629
            ],
            [
              6.654152,
              49.746659
            ],
            [
              6.654327,
              49.746711
            ],
            [
              6.654513,
              49.746787
            ],
            [
              6.654693,
              49.746889
            ],
            [
              6.654925,
              49.747031
            ],
            [
              6.655151,
              49.747148
            ],
            [
              6.655418,
              49.747258
            ],
            [
              6.655781,
              49.747367
            ],
            [
              6.656123,
              49.747438
            ],
            [
              6.656438,
              49.747471
            ],
            [
              6.656734,
              49.747488
            ],
            [
              6.657599,
              49.747513
            ],
            [
              6.658009,
              49.747527
            ],
            [
              6.658322,
              49.747545
            ],
            [
              6.658623,
              49.747591
            ],
            [
              6.65885,
              49.747643
            ],
            [
              6.659067,
              49.747704
            ],
            [
              6.659271,
              49.74778
            ],
            [
              6.65948,
              49.747882
            ],
            [
              6.659671,
              49.747993
            ]
          ]
        ]
      },
      "$schema": null,
      "$context": null
    },
    {
      "type": "Feature",
      "properties": {
        "ID1": 14,
        "ORTSBEZIRK": "Heiligkreuz",
        "ORTSBEZIR1": 52,
        "link": "https://www.trier.de/leben-in-trier/ortsbezirke/"
      },
      "bbox": [
        6.635372,
        49.725404,
        6.656768,
        49.748455
      ],
      "geometry": {
        "type": "Polygon",
        "coordinates": [
          [
            [
              6.650408,
              49.725404
            ],
            [
              6.647787,
              49.725585
            ],
            [
              6.648371,
              49.727012
            ],
            [
              6.648393,
              49.727187
            ],
            [
              6.648294,
              49.727456
            ],
            [
              6.648287,
              49.727616
            ],
            [
              6.648306,
              49.727785
            ],
            [
              6.648389,
              49.728033
            ],
            [
              6.648603,
              49.72841
            ],
            [
              6.648843,
              49.728665
            ],
            [
              6.648803,
              49.728776
            ],
            [
              6.647302,
              49.728518
            ],
            [
              6.647294,
              49.728574
            ],
            [
              6.646817,
              49.728497
            ],
            [
              6.646561,
              49.728453
            ],
            [
              6.646078,
              49.728363
            ],
            [
              6.645853,
              49.728378
            ],
            [
              6.645443,
              49.728408
            ],
            [
              6.645365,
              49.728373
            ],
            [
              6.645197,
              49.728443
            ],
            [
              6.645166,
              49.728417
            ],
            [
              6.644899,
              49.728526
            ],
            [
              6.644478,
              49.728721
            ],
            [
              6.644232,
              49.728798
            ],
            [
              6.643903,
              49.728867
            ],
            [
              6.644112,
              49.729426
            ],
            [
              6.644071,
              49.729428
            ],
            [
              6.644134,
              49.729517
            ],
            [
              6.644202,
              49.729633
            ],
            [
              6.644623,
              49.730122
            ],
            [
              6.644819,
              49.730355
            ],
            [
              6.645196,
              49.730792
            ],
            [
              6.645269,
              49.730904
            ],
            [
              6.645344,
              49.731429
            ],
            [
              6.645395,
              49.731627
            ],
            [
              6.645524,
              49.732676
            ],
            [
              6.645586,
              49.733115
            ],
            [
              6.645569,
              49.733276
            ],
            [
              6.645542,
              49.733417
            ],
            [
              6.645488,
              49.733505
            ],
            [
              6.645348,
              49.733664
            ],
            [
              6.644231,
              49.734176
            ],
            [
              6.64283,
              49.734817
            ],
            [
              6.642409,
              49.735164
            ],
            [
              6.641966,
              49.735531
            ],
            [
              6.641367,
              49.735964
            ],
            [
              6.640841,
              49.736337
            ],
            [
              6.640337,
              49.736687
            ],
            [
              6.639849,
              49.73701
            ],
            [
              6.639516,
              49.737218
            ],
            [
              6.639168,
              49.737364
            ],
            [
              6.639049,
              49.737236
            ],
            [
              6.637357,
              49.7366
            ],
            [
              6.636813,
              49.737484
            ],
            [
              6.636678,
              49.737628
            ],
            [
              6.636534,
              49.737726
            ],
            [
              6.635595,
              49.738021
            ],
            [
              6.635602,
              49.738338
            ],
            [
              6.635594,
              49.738633
            ],
            [
              6.635568,
              49.739013
            ],
            [
              6.635415,
              49.74093
            ],
            [
              6.635385,
              49.741435
            ],
            [
              6.635372,
              49.741673
            ],
            [
              6.635438,
              49.74242
            ],
            [
              6.635736,
              49.74314
            ],
            [
              6.635837,
              49.743344
            ],
            [
              6.635995,
              49.743603
            ],
            [
              6.63616,
              49.743849
            ],
            [
              6.636408,
              49.744178
            ],
            [
              6.636781,
              49.744623
            ],
            [
              6.637029,
              49.744902
            ],
            [
              6.637228,
              49.745107
            ],
            [
              6.637503,
              49.745361
            ],
            [
              6.638221,
              49.74591
            ],
            [
              6.639281,
              49.746553
            ],
            [
              6.640764,
              49.747457
            ],
            [
              6.64251,
              49.748455
            ],
            [
              6.642625,
              49.748158
            ],
            [
              6.642858,
              49.747759
            ],
            [
              6.643351,
              49.747102
            ],
            [
              6.643408,
              49.746857
            ],
            [
              6.643432,
              49.746493
            ],
            [
              6.643445,
              49.746181
            ],
            [
              6.64355,
              49.745948
            ],
            [
              6.645243,
              49.74609
            ],
            [
              6.645339,
              49.746303
            ],
            [
              6.6454,
              49.746406
            ],
            [
              6.645305,
              49.746537
            ],
            [
              6.645301,
              49.746554
            ],
            [
              6.645358,
              49.746567
            ],
            [
              6.645465,
              49.746589
            ],
            [
              6.645705,
              49.746633
            ],
            [
              6.645919,
              49.746668
            ],
            [
              6.645938,
              49.746669
            ],
            [
              6.64626,
              49.746726
            ],
            [
              6.646887,
              49.74683
            ],
            [
              6.646887,
              49.746846
            ],
            [
              6.647057,
              49.746867
            ],
            [
              6.647346,
              49.746885
            ],
            [
              6.647379,
              49.746883
            ],
            [
              6.647368,
              49.746873
            ],
            [
              6.647509,
              49.746842
            ],
            [
              6.647501,
              49.746821
            ],
            [
              6.647602,
              49.746788
            ],
            [
              6.647609,
              49.746795
            ],
            [
              6.647706,
              49.746769
            ],
            [
              6.647995,
              49.746678
            ],
            [
              6.648093,
              49.746675
            ],
            [
              6.648144,
              49.746658
            ],
            [
              6.648082,
              49.746551
            ],
            [
              6.648047,
              49.746508
            ],
            [
              6.648009,
              49.7465
            ],
            [
              6.647992,
              49.74648
            ],
            [
              6.648189,
              49.746408
            ],
            [
              6.648339,
              49.746372
            ],
            [
              6.648448,
              49.746368
            ],
            [
              6.648636,
              49.746321
            ],
            [
              6.648788,
              49.746273
            ],
            [
              6.648857,
              49.746265
            ],
            [
              6.648907,
              49.746262
            ],
            [
              6.64913,
              49.746221
            ],
            [
              6.649158,
              49.746216
            ],
            [
              6.649199,
              49.746195
            ],
            [
              6.64922,
              49.746177
            ],
            [
              6.649113,
              49.746132
            ],
            [
              6.648864,
              49.746062
            ],
            [
              6.648955,
              49.746021
            ],
            [
              6.649028,
              49.745947
            ],
            [
              6.649083,
              49.745826
            ],
            [
              6.649104,
              49.745752
            ],
            [
              6.649226,
              49.745469
            ],
            [
              6.649358,
              49.745252
            ],
            [
              6.649498,
              49.74511
            ],
            [
              6.649765,
              49.744971
            ],
            [
              6.649778,
              49.744939
            ],
            [
              6.649915,
              49.744651
            ],
            [
              6.650016,
              49.744307
            ],
            [
              6.650091,
              49.743726
            ],
            [
              6.649424,
              49.743789
            ],
            [
              6.649328,
              49.743779
            ],
            [
              6.649395,
              49.743645
            ],
            [
              6.649514,
              49.743492
            ],
            [
              6.64995,
              49.743224
            ],
            [
              6.650128,
              49.74312
            ],
            [
              6.6503,
              49.742982
            ],
            [
              6.650422,
              49.742825
            ],
            [
              6.650523,
              49.742664
            ],
            [
              6.650662,
              49.742454
            ],
            [
              6.650801,
              49.742293
            ],
            [
              6.650989,
              49.742163
            ],
            [
              6.651119,
              49.742042
            ],
            [
              6.651218,
              49.741914
            ],
            [
              6.651314,
              49.741755
            ],
            [
              6.651466,
              49.741507
            ],
            [
              6.651593,
              49.741358
            ],
            [
              6.651689,
              49.741217
            ],
            [
              6.651727,
              49.741088
            ],
            [
              6.651706,
              49.741009
            ],
            [
              6.651633,
              49.740839
            ],
            [
              6.651629,
              49.740718
            ],
            [
              6.651749,
              49.740709
            ],
            [
              6.652442,
              49.740601
            ],
            [
              6.652965,
              49.740475
            ],
            [
              6.653465,
              49.740312
            ],
            [
              6.653716,
              49.740187
            ],
            [
              6.654033,
              49.739973
            ],
            [
              6.654627,
              49.73972
            ],
            [
              6.655254,
              49.739534
            ],
            [
              6.656219,
              49.739164
            ],
            [
              6.656479,
              49.739002
            ],
            [
              6.656695,
              49.738795
            ],
            [
              6.656768,
              49.73852
            ],
            [
              6.656644,
              49.738497
            ],
            [
              6.655942,
              49.737688
            ],
            [
              6.655703,
              49.737384
            ],
            [
              6.655591,
              49.737199
            ],
            [
              6.655462,
              49.737012
            ],
            [
              6.655438,
              49.736848
            ],
            [
              6.655384,
              49.736754
            ],
            [
              6.655361,
              49.736678
            ],
            [
              6.655321,
              49.736602
            ],
            [
              6.655372,
              49.736473
            ],
            [
              6.655321,
              49.736295
            ],
            [
              6.655228,
              49.736146
            ],
            [
              6.655121,
              49.735938
            ],
            [
              6.655112,
              49.735693
            ],
            [
              6.655124,
              49.735671
            ],
            [
              6.655038,
              49.735547
            ],
            [
              6.654949,
              49.735371
            ],
            [
              6.654911,
              49.735321
            ],
            [
              6.654805,
              49.735218
            ],
            [
              6.654678,
              49.735054
            ],
            [
              6.654639,
              49.734967
            ],
            [
              6.654542,
              49.734856
            ],
            [
              6.654441,
              49.73479
            ],
            [
              6.654341,
              49.734698
            ],
            [
              6.654274,
              49.734648
            ],
            [
              6.654274,
              49.734637
            ],
            [
              6.654129,
              49.734615
            ],
            [
              6.654008,
              49.734546
            ],
            [
              6.653994,
              49.734524
            ],
            [
              6.653844,
              49.734424
            ],
            [
              6.653816,
              49.734424
            ],
            [
              6.653758,
              49.734387
            ],
            [
              6.653718,
              49.734302
            ],
            [
              6.653612,
              49.734196
            ],
            [
              6.653508,
              49.734151
            ],
            [
              6.653452,
              49.734085
            ],
            [
              6.653008,
              49.734019
            ],
            [
              6.652907,
              49.733956
            ],
            [
              6.652601,
              49.733807
            ],
            [
              6.652705,
              49.733489
            ],
            [
              6.653059,
              49.733157
            ],
            [
              6.653095,
              49.733085
            ],
            [
              6.653149,
              49.732811
            ],
            [
              6.6524,
              49.732742
            ],
            [
              6.65191,
              49.732647
            ],
            [
              6.65228,
              49.73191
            ],
            [
              6.652639,
              49.731194
            ],
            [
              6.652708,
              49.731033
            ],
            [
              6.652753,
              49.730865
            ],
            [
              6.652777,
              49.730684
            ],
            [
              6.652773,
              49.730492
            ],
            [
              6.652745,
              49.730228
            ],
            [
              6.652764,
              49.730225
            ],
            [
              6.652751,
              49.730051
            ],
            [
              6.652768,
              49.729867
            ],
            [
              6.652804,
              49.729715
            ],
            [
              6.652881,
              49.72956
            ],
            [
              6.652948,
              49.729457
            ],
            [
              6.653132,
              49.729195
            ],
            [
              6.65376,
              49.728355
            ],
            [
              6.65447,
              49.727376
            ],
            [
              6.654939,
              49.726727
            ],
            [
              6.655003,
              49.726448
            ],
            [
              6.654783,
              49.726361
            ],
            [
              6.653916,
              49.726361
            ],
            [
              6.652121,
              49.725983
            ],
            [
              6.650938,
              49.72569
            ],
            [
              6.650513,
              49.725445
            ],
            [
              6.650408,
              49.725404
            ]
          ]
        ]
      },
      "$schema": null,
      "$context": null
    },
    {
      "type": "Feature",
      "properties": {
        "ID1": 15,
        "ORTSBEZIRK": "Tarforst",
        "ORTSBEZIR1": 43,
        "link": "https://www.trier.de/leben-in-trier/ortsbezirke/"
      },
      "bbox": [
        6.675928,
        49.729542,
        6.744006,
        49.763062
      ],
      "geometry": {
        "type": "Polygon",
        "coordinates": [
          [
            [
              6.691809,
              49.744344
            ],
            [
              6.69302,
              49.744789
            ],
            [
              6.693133,
              49.745195
            ],
            [
              6.69283,
              49.745556
            ],
            [
              6.691628,
              49.746079
            ],
            [
              6.691912,
              49.746297
            ],
            [
              6.692164,
              49.746528
            ],
            [
              6.69224,
              49.746593
            ],
            [
              6.692385,
              49.746785
            ],
            [
              6.69251,
              49.746969
            ],
            [
              6.692604,
              49.747147
            ],
            [
              6.692689,
              49.747352
            ],
            [
              6.692743,
              49.7475
            ],
            [
              6.692724,
              49.747653
            ],
            [
              6.69278,
              49.747915
            ],
            [
              6.692819,
              49.747936
            ],
            [
              6.692799,
              49.748079
            ],
            [
              6.692764,
              49.748286
            ],
            [
              6.692709,
              49.748453
            ],
            [
              6.69267,
              49.748553
            ],
            [
              6.692591,
              49.748742
            ],
            [
              6.694732,
              49.748162
            ],
            [
              6.69493,
              49.748199
            ],
            [
              6.695928,
              49.748185
            ],
            [
              6.69672,
              49.747751
            ],
            [
              6.698212,
              49.747642
            ],
            [
              6.698792,
              49.74768
            ],
            [
              6.699438,
              49.74784
            ],
            [
              6.700819,
              49.748187
            ],
            [
              6.700903,
              49.748301
            ],
            [
              6.701199,
              49.749005
            ],
            [
              6.70142,
              49.749478
            ],
            [
              6.701786,
              49.750299
            ],
            [
              6.701949,
              49.75064
            ],
            [
              6.701798,
              49.751855
            ],
            [
              6.701694,
              49.752637
            ],
            [
              6.701531,
              49.753494
            ],
            [
              6.701387,
              49.754074
            ],
            [
              6.701341,
              49.754059
            ],
            [
              6.700617,
              49.754802
            ],
            [
              6.700325,
              49.755088
            ],
            [
              6.698976,
              49.755988
            ],
            [
              6.697686,
              49.756569
            ],
            [
              6.696535,
              49.757081
            ],
            [
              6.696011,
              49.757288
            ],
            [
              6.694645,
              49.757774
            ],
            [
              6.694566,
              49.757803
            ],
            [
              6.694321,
              49.757891
            ],
            [
              6.694266,
              49.757911
            ],
            [
              6.694567,
              49.758467
            ],
            [
              6.694578,
              49.758488
            ],
            [
              6.694588,
              49.758508
            ],
            [
              6.694636,
              49.758599
            ],
            [
              6.695174,
              49.759622
            ],
            [
              6.695618,
              49.76047
            ],
            [
              6.695649,
              49.76053
            ],
            [
              6.695668,
              49.760567
            ],
            [
              6.695687,
              49.760604
            ],
            [
              6.695656,
              49.760753
            ],
            [
              6.695626,
              49.760893
            ],
            [
              6.695322,
              49.762332
            ],
            [
              6.695272,
              49.762571
            ],
            [
              6.695202,
              49.762902
            ],
            [
              6.696921,
              49.762981
            ],
            [
              6.698508,
              49.763062
            ],
            [
              6.699322,
              49.761957
            ],
            [
              6.700082,
              49.761162
            ],
            [
              6.700444,
              49.760737
            ],
            [
              6.70047,
              49.760706
            ],
            [
              6.700503,
              49.760668
            ],
            [
              6.700749,
              49.760379
            ],
            [
              6.701833,
              49.759057
            ],
            [
              6.701915,
              49.758957
            ],
            [
              6.702054,
              49.758787
            ],
            [
              6.703763,
              49.756817
            ],
            [
              6.702938,
              49.754379
            ],
            [
              6.703075,
              49.75437
            ],
            [
              6.704163,
              49.754301
            ],
            [
              6.704249,
              49.754296
            ],
            [
              6.704318,
              49.754291
            ],
            [
              6.704304,
              49.754247
            ],
            [
              6.704064,
              49.753496
            ],
            [
              6.70411,
              49.753483
            ],
            [
              6.704548,
              49.753362
            ],
            [
              6.706213,
              49.753188
            ],
            [
              6.706314,
              49.753506
            ],
            [
              6.706357,
              49.753635
            ],
            [
              6.706397,
              49.753754
            ],
            [
              6.706481,
              49.754008
            ],
            [
              6.706523,
              49.754651
            ],
            [
              6.706556,
              49.755268
            ],
            [
              6.706582,
              49.755764
            ],
            [
              6.707345,
              49.756013
            ],
            [
              6.707793,
              49.756587
            ],
            [
              6.707825,
              49.756628
            ],
            [
              6.707945,
              49.756782
            ],
            [
              6.708132,
              49.757021
            ],
            [
              6.708272,
              49.757201
            ],
            [
              6.70831,
              49.75725
            ],
            [
              6.708776,
              49.757642
            ],
            [
              6.70899,
              49.757722
            ],
            [
              6.709003,
              49.757726
            ],
            [
              6.709765,
              49.757999
            ],
            [
              6.710308,
              49.758442
            ],
            [
              6.711507,
              49.759427
            ],
            [
              6.711855,
              49.759991
            ],
            [
              6.712139,
              49.760272
            ],
            [
              6.712305,
              49.760394
            ],
            [
              6.712522,
              49.760561
            ],
            [
              6.7132,
              49.76105
            ],
            [
              6.713391,
              49.761189
            ],
            [
              6.713433,
              49.761161
            ],
            [
              6.714234,
              49.760663
            ],
            [
              6.71486,
              49.760187
            ],
            [
              6.7152,
              49.759804
            ],
            [
              6.715135,
              49.759605
            ],
            [
              6.715207,
              49.759489
            ],
            [
              6.715283,
              49.759409
            ],
            [
              6.715318,
              49.7591
            ],
            [
              6.715118,
              49.758649
            ],
            [
              6.714348,
              49.757833
            ],
            [
              6.71367,
              49.756878
            ],
            [
              6.71355,
              49.756708
            ],
            [
              6.713239,
              49.756447
            ],
            [
              6.713196,
              49.756373
            ],
            [
              6.713171,
              49.756328
            ],
            [
              6.712986,
              49.756144
            ],
            [
              6.712772,
              49.755932
            ],
            [
              6.712673,
              49.755832
            ],
            [
              6.712451,
              49.755612
            ],
            [
              6.712086,
              49.755241
            ],
            [
              6.711662,
              49.75498
            ],
            [
              6.711319,
              49.754622
            ],
            [
              6.711125,
              49.754364
            ],
            [
              6.711031,
              49.754161
            ],
            [
              6.710953,
              49.753939
            ],
            [
              6.710816,
              49.753726
            ],
            [
              6.710798,
              49.753699
            ],
            [
              6.710869,
              49.753615
            ],
            [
              6.711001,
              49.753458
            ],
            [
              6.710681,
              49.753261
            ],
            [
              6.710624,
              49.753227
            ],
            [
              6.71051,
              49.753148
            ],
            [
              6.710433,
              49.753099
            ],
            [
              6.709444,
              49.752433
            ],
            [
              6.709408,
              49.752408
            ],
            [
              6.70893,
              49.752085
            ],
            [
              6.708566,
              49.751838
            ],
            [
              6.70842,
              49.751739
            ],
            [
              6.708382,
              49.751713
            ],
            [
              6.70804,
              49.751481
            ],
            [
              6.707607,
              49.751188
            ],
            [
              6.707702,
              49.751124
            ],
            [
              6.707763,
              49.751083
            ],
            [
              6.708191,
              49.750796
            ],
            [
              6.708623,
              49.750506
            ],
            [
              6.708688,
              49.750463
            ],
            [
              6.708997,
              49.750255
            ],
            [
              6.709058,
              49.750214
            ],
            [
              6.709126,
              49.750169
            ],
            [
              6.709374,
              49.750005
            ],
            [
              6.709762,
              49.749748
            ],
            [
              6.710194,
              49.749462
            ],
            [
              6.710629,
              49.749174
            ],
            [
              6.710639,
              49.749117
            ],
            [
              6.710654,
              49.749037
            ],
            [
              6.710684,
              49.748878
            ],
            [
              6.710743,
              49.748563
            ],
            [
              6.710754,
              49.7485
            ],
            [
              6.710788,
              49.748322
            ],
            [
              6.71081,
              49.748202
            ],
            [
              6.710864,
              49.74791
            ],
            [
              6.711079,
              49.74788
            ],
            [
              6.7111,
              49.747877
            ],
            [
              6.71118,
              49.747866
            ],
            [
              6.711537,
              49.747817
            ],
            [
              6.711564,
              49.747813
            ],
            [
              6.71189,
              49.747768
            ],
            [
              6.712324,
              49.747707
            ],
            [
              6.713269,
              49.747956
            ],
            [
              6.714308,
              49.748412
            ],
            [
              6.714686,
              49.748385
            ],
            [
              6.714695,
              49.748384
            ],
            [
              6.714799,
              49.748376
            ],
            [
              6.714999,
              49.748391
            ],
            [
              6.715081,
              49.748397
            ],
            [
              6.715463,
              49.748477
            ],
            [
              6.715571,
              49.7485
            ],
            [
              6.715564,
              49.748487
            ],
            [
              6.715432,
              49.748387
            ],
            [
              6.71545,
              49.748348
            ],
            [
              6.715458,
              49.74833
            ],
            [
              6.715402,
              49.748241
            ],
            [
              6.715446,
              49.748196
            ],
            [
              6.715474,
              49.748169
            ],
            [
              6.71553,
              49.748106
            ],
            [
              6.71553,
              49.748045
            ],
            [
              6.71553,
              49.748003
            ],
            [
              6.715553,
              49.747947
            ],
            [
              6.715581,
              49.747878
            ],
            [
              6.715586,
              49.747866
            ],
            [
              6.715592,
              49.747795
            ],
            [
              6.715607,
              49.747779
            ],
            [
              6.715642,
              49.747742
            ],
            [
              6.715654,
              49.747733
            ],
            [
              6.715695,
              49.747706
            ],
            [
              6.71569,
              49.747681
            ],
            [
              6.715693,
              49.747678
            ],
            [
              6.715752,
              49.74763
            ],
            [
              6.715876,
              49.74761
            ],
            [
              6.715912,
              49.747572
            ],
            [
              6.715917,
              49.747556
            ],
            [
              6.715925,
              49.747532
            ],
            [
              6.715934,
              49.747523
            ],
            [
              6.715961,
              49.747496
            ],
            [
              6.715974,
              49.747484
            ],
            [
              6.716092,
              49.747444
            ],
            [
              6.716093,
              49.747442
            ],
            [
              6.716154,
              49.74737
            ],
            [
              6.716212,
              49.747299
            ],
            [
              6.716255,
              49.747249
            ],
            [
              6.716312,
              49.74718
            ],
            [
              6.716393,
              49.747125
            ],
            [
              6.716441,
              49.747031
            ],
            [
              6.716464,
              49.746986
            ],
            [
              6.718177,
              49.746473
            ],
            [
              6.719553,
              49.745944
            ],
            [
              6.720114,
              49.745533
            ],
            [
              6.720775,
              49.744947
            ],
            [
              6.720831,
              49.744903
            ],
            [
              6.720976,
              49.744789
            ],
            [
              6.721551,
              49.744336
            ],
            [
              6.721996,
              49.743984
            ],
            [
              6.722131,
              49.743875
            ],
            [
              6.722252,
              49.743776
            ],
            [
              6.722984,
              49.743182
            ],
            [
              6.723605,
              49.742686
            ],
            [
              6.723746,
              49.742576
            ],
            [
              6.724176,
              49.742241
            ],
            [
              6.724663,
              49.741862
            ],
            [
              6.726666,
              49.741156
            ],
            [
              6.72694,
              49.741056
            ],
            [
              6.727495,
              49.740853
            ],
            [
              6.728634,
              49.740444
            ],
            [
              6.728884,
              49.740296
            ],
            [
              6.729016,
              49.740216
            ],
            [
              6.7291,
              49.73953
            ],
            [
              6.729116,
              49.739395
            ],
            [
              6.729105,
              49.739143
            ],
            [
              6.72926,
              49.738853
            ],
            [
              6.729572,
              49.738321
            ],
            [
              6.729592,
              49.738287
            ],
            [
              6.729628,
              49.738299
            ],
            [
              6.729744,
              49.738338
            ],
            [
              6.729961,
              49.738411
            ],
            [
              6.730293,
              49.738522
            ],
            [
              6.730547,
              49.738607
            ],
            [
              6.730501,
              49.73865
            ],
            [
              6.730641,
              49.738696
            ],
            [
              6.73074,
              49.738728
            ],
            [
              6.731092,
              49.738843
            ],
            [
              6.73121,
              49.738871
            ],
            [
              6.731285,
              49.738882
            ],
            [
              6.731364,
              49.738862
            ],
            [
              6.731396,
              49.738854
            ],
            [
              6.731466,
              49.738836
            ],
            [
              6.731495,
              49.738829
            ],
            [
              6.73158,
              49.738842
            ],
            [
              6.731859,
              49.738887
            ],
            [
              6.731894,
              49.738892
            ],
            [
              6.732238,
              49.739078
            ],
            [
              6.732293,
              49.739099
            ],
            [
              6.732623,
              49.739117
            ],
            [
              6.732714,
              49.739152
            ],
            [
              6.732792,
              49.739155
            ],
            [
              6.732846,
              49.739145
            ],
            [
              6.733313,
              49.739197
            ],
            [
              6.733736,
              49.73932
            ],
            [
              6.733892,
              49.739303
            ],
            [
              6.73395,
              49.739327
            ],
            [
              6.734034,
              49.739313
            ],
            [
              6.734096,
              49.739361
            ],
            [
              6.734701,
              49.739195
            ],
            [
              6.735169,
              49.739199
            ],
            [
              6.735518,
              49.739422
            ],
            [
              6.735815,
              49.739612
            ],
            [
              6.736134,
              49.739845
            ],
            [
              6.73689,
              49.740254
            ],
            [
              6.737163,
              49.740556
            ],
            [
              6.737533,
              49.740726
            ],
            [
              6.737912,
              49.740934
            ],
            [
              6.737961,
              49.740961
            ],
            [
              6.737985,
              49.740974
            ],
            [
              6.738059,
              49.740997
            ],
            [
              6.738131,
              49.74102
            ],
            [
              6.738422,
              49.741127
            ],
            [
              6.738971,
              49.741155
            ],
            [
              6.739368,
              49.741313
            ],
            [
              6.739509,
              49.74137
            ],
            [
              6.739883,
              49.741519
            ],
            [
              6.739965,
              49.741549
            ],
            [
              6.739976,
              49.741528
            ],
            [
              6.740151,
              49.741309
            ],
            [
              6.74036,
              49.741187
            ],
            [
              6.740604,
              49.741002
            ],
            [
              6.740842,
              49.740809
            ],
            [
              6.741054,
              49.740713
            ],
            [
              6.741269,
              49.740695
            ],
            [
              6.741591,
              49.740743
            ],
            [
              6.741615,
              49.740695
            ],
            [
              6.741658,
              49.74061
            ],
            [
              6.741738,
              49.740512
            ],
            [
              6.741794,
              49.740444
            ],
            [
              6.741969,
              49.740325
            ],
            [
              6.742084,
              49.740247
            ],
            [
              6.742271,
              49.740163
            ],
            [
              6.742439,
              49.740052
            ],
            [
              6.74278,
              49.739887
            ],
            [
              6.74337,
              49.739701
            ],
            [
              6.743739,
              49.739584
            ],
            [
              6.74383,
              49.739452
            ],
            [
              6.743883,
              49.739313
            ],
            [
              6.743956,
              49.739107
            ],
            [
              6.744001,
              49.738915
            ],
            [
              6.744002,
              49.738858
            ],
            [
              6.744006,
              49.738752
            ],
            [
              6.743999,
              49.738718
            ],
            [
              6.743983,
              49.73865
            ],
            [
              6.743903,
              49.738489
            ],
            [
              6.743872,
              49.738435
            ],
            [
              6.743654,
              49.738102
            ],
            [
              6.743588,
              49.738039
            ],
            [
              6.743335,
              49.737793
            ],
            [
              6.742638,
              49.737576
            ],
            [
              6.742241,
              49.73751
            ],
            [
              6.742051,
              49.737366
            ],
            [
              6.741728,
              49.737236
            ],
            [
              6.74153,
              49.737174
            ],
            [
              6.741327,
              49.737111
            ],
            [
              6.740786,
              49.737182
            ],
            [
              6.74053,
              49.736958
            ],
            [
              6.740557,
              49.736506
            ],
            [
              6.740205,
              49.736367
            ],
            [
              6.740165,
              49.736161
            ],
            [
              6.740336,
              49.736004
            ],
            [
              6.740499,
              49.735902
            ],
            [
              6.74056,
              49.735662
            ],
            [
              6.740517,
              49.735504
            ],
            [
              6.740496,
              49.735316
            ],
            [
              6.740549,
              49.735264
            ],
            [
              6.740549,
              49.73515
            ],
            [
              6.740549,
              49.735111
            ],
            [
              6.740604,
              49.735088
            ],
            [
              6.740553,
              49.734928
            ],
            [
              6.740464,
              49.734754
            ],
            [
              6.740378,
              49.734621
            ],
            [
              6.740276,
              49.734508
            ],
            [
              6.740053,
              49.734314
            ],
            [
              6.740032,
              49.734296
            ],
            [
              6.739908,
              49.734202
            ],
            [
              6.739694,
              49.73409
            ],
            [
              6.73932,
              49.733854
            ],
            [
              6.739207,
              49.733759
            ],
            [
              6.739063,
              49.733606
            ],
            [
              6.738955,
              49.73347
            ],
            [
              6.739005,
              49.733345
            ],
            [
              6.738997,
              49.733283
            ],
            [
              6.738991,
              49.733239
            ],
            [
              6.73897,
              49.733078
            ],
            [
              6.73884,
              49.732795
            ],
            [
              6.738656,
              49.73261
            ],
            [
              6.738418,
              49.732445
            ],
            [
              6.738541,
              49.731892
            ],
            [
              6.738554,
              49.731869
            ],
            [
              6.738734,
              49.731564
            ],
            [
              6.739115,
              49.731341
            ],
            [
              6.739149,
              49.731019
            ],
            [
              6.739134,
              49.730959
            ],
            [
              6.739112,
              49.73087
            ],
            [
              6.739001,
              49.730427
            ],
            [
              6.738797,
              49.730139
            ],
            [
              6.738654,
              49.730057
            ],
            [
              6.73849,
              49.72999
            ],
            [
              6.738285,
              49.729951
            ],
            [
              6.738078,
              49.729911
            ],
            [
              6.737975,
              49.729891
            ],
            [
              6.73782,
              49.729862
            ],
            [
              6.737663,
              49.729834
            ],
            [
              6.737454,
              49.729797
            ],
            [
              6.737351,
              49.729779
            ],
            [
              6.737282,
              49.729766
            ],
            [
              6.737244,
              49.729757
            ],
            [
              6.737075,
              49.729714
            ],
            [
              6.736985,
              49.729691
            ],
            [
              6.736855,
              49.729658
            ],
            [
              6.73663,
              49.729638
            ],
            [
              6.736375,
              49.729614
            ],
            [
              6.735789,
              49.729542
            ],
            [
              6.735046,
              49.730111
            ],
            [
              6.734563,
              49.730557
            ],
            [
              6.734547,
              49.730572
            ],
            [
              6.734262,
              49.730834
            ],
            [
              6.734205,
              49.730887
            ],
            [
              6.734087,
              49.730983
            ],
            [
              6.73393,
              49.731111
            ],
            [
              6.733847,
              49.731179
            ],
            [
              6.733823,
              49.731199
            ],
            [
              6.733473,
              49.731485
            ],
            [
              6.733438,
              49.731514
            ],
            [
              6.73338,
              49.731548
            ],
            [
              6.733278,
              49.731606
            ],
            [
              6.73317,
              49.731669
            ],
            [
              6.733137,
              49.731688
            ],
            [
              6.733124,
              49.731696
            ],
            [
              6.733085,
              49.731718
            ],
            [
              6.733078,
              49.731722
            ],
            [
              6.73289,
              49.731828
            ],
            [
              6.732604,
              49.731996
            ],
            [
              6.732539,
              49.732034
            ],
            [
              6.732368,
              49.732133
            ],
            [
              6.732289,
              49.732178
            ],
            [
              6.732202,
              49.732229
            ],
            [
              6.732191,
              49.732235
            ],
            [
              6.732086,
              49.732296
            ],
            [
              6.732042,
              49.732321
            ],
            [
              6.732003,
              49.732344
            ],
            [
              6.731988,
              49.732352
            ],
            [
              6.731832,
              49.732443
            ],
            [
              6.731619,
              49.732565
            ],
            [
              6.731609,
              49.732571
            ],
            [
              6.731569,
              49.732595
            ],
            [
              6.731552,
              49.732604
            ],
            [
              6.731487,
              49.732642
            ],
            [
              6.731421,
              49.73268
            ],
            [
              6.731356,
              49.732718
            ],
            [
              6.731091,
              49.732871
            ],
            [
              6.731027,
              49.732908
            ],
            [
              6.730875,
              49.732996
            ],
            [
              6.730863,
              49.733002
            ],
            [
              6.730838,
              49.733017
            ],
            [
              6.730693,
              49.733101
            ],
            [
              6.730528,
              49.733197
            ],
            [
              6.730408,
              49.733266
            ],
            [
              6.730372,
              49.733287
            ],
            [
              6.730222,
              49.733375
            ],
            [
              6.730187,
              49.733395
            ],
            [
              6.729985,
              49.733512
            ],
            [
              6.729939,
              49.733539
            ],
            [
              6.72986,
              49.733584
            ],
            [
              6.729835,
              49.733599
            ],
            [
              6.729813,
              49.733612
            ],
            [
              6.729788,
              49.733626
            ],
            [
              6.72946,
              49.733815
            ],
            [
              6.729382,
              49.73386
            ],
            [
              6.729244,
              49.73394
            ],
            [
              6.728932,
              49.73412
            ],
            [
              6.728838,
              49.734174
            ],
            [
              6.728684,
              49.734253
            ],
            [
              6.728671,
              49.734259
            ],
            [
              6.72846,
              49.734366
            ],
            [
              6.728077,
              49.734564
            ],
            [
              6.727499,
              49.734864
            ],
            [
              6.727174,
              49.735031
            ],
            [
              6.727078,
              49.73508
            ],
            [
              6.72705,
              49.735095
            ],
            [
              6.726989,
              49.735126
            ],
            [
              6.726404,
              49.735428
            ],
            [
              6.726271,
              49.735497
            ],
            [
              6.726193,
              49.735537
            ],
            [
              6.726019,
              49.735627
            ],
            [
              6.725786,
              49.735747
            ],
            [
              6.725398,
              49.735947
            ],
            [
              6.725357,
              49.735969
            ],
            [
              6.725153,
              49.736075
            ],
            [
              6.724997,
              49.736156
            ],
            [
              6.724876,
              49.736218
            ],
            [
              6.724758,
              49.73628
            ],
            [
              6.724435,
              49.736448
            ],
            [
              6.724401,
              49.736465
            ],
            [
              6.724153,
              49.736592
            ],
            [
              6.724061,
              49.736639
            ],
            [
              6.723778,
              49.736784
            ],
            [
              6.723495,
              49.736928
            ],
            [
              6.723391,
              49.736981
            ],
            [
              6.723289,
              49.737032
            ],
            [
              6.723178,
              49.737088
            ],
            [
              6.723097,
              49.737135
            ],
            [
              6.723067,
              49.737152
            ],
            [
              6.722575,
              49.737444
            ],
            [
              6.721194,
              49.738263
            ],
            [
              6.719584,
              49.739218
            ],
            [
              6.717931,
              49.740187
            ],
            [
              6.71773,
              49.74023
            ],
            [
              6.715761,
              49.740633
            ],
            [
              6.715657,
              49.74064
            ],
            [
              6.713399,
              49.74045
            ],
            [
              6.711496,
              49.740095
            ],
            [
              6.710969,
              49.740087
            ],
            [
              6.710581,
              49.740156
            ],
            [
              6.710332,
              49.740213
            ],
            [
              6.707911,
              49.739406
            ],
            [
              6.707325,
              49.739801
            ],
            [
              6.706744,
              49.740274
            ],
            [
              6.706233,
              49.740592
            ],
            [
              6.705833,
              49.740806
            ],
            [
              6.70541,
              49.741
            ],
            [
              6.705049,
              49.74115
            ],
            [
              6.704657,
              49.741307
            ],
            [
              6.704382,
              49.741384
            ],
            [
              6.70431,
              49.741291
            ],
            [
              6.704216,
              49.741099
            ],
            [
              6.704002,
              49.74066
            ],
            [
              6.703532,
              49.739363
            ],
            [
              6.703075,
              49.739374
            ],
            [
              6.70212,
              49.737827
            ],
            [
              6.701821,
              49.737352
            ],
            [
              6.701277,
              49.737418
            ],
            [
              6.700956,
              49.737479
            ],
            [
              6.700723,
              49.737543
            ],
            [
              6.70049,
              49.737624
            ],
            [
              6.700014,
              49.737813
            ],
            [
              6.699372,
              49.73807
            ],
            [
              6.698382,
              49.73833
            ],
            [
              6.697242,
              49.737992
            ],
            [
              6.696206,
              49.737778
            ],
            [
              6.695984,
              49.737063
            ],
            [
              6.69577,
              49.736548
            ],
            [
              6.695513,
              49.73623
            ],
            [
              6.694063,
              49.734931
            ],
            [
              6.694251,
              49.733626
            ],
            [
              6.695021,
              49.733543
            ],
            [
              6.694762,
              49.73345
            ],
            [
              6.69396,
              49.73275
            ],
            [
              6.693537,
              49.732382
            ],
            [
              6.693501,
              49.732321
            ],
            [
              6.693496,
              49.732312
            ],
            [
              6.691957,
              49.731526
            ],
            [
              6.69175,
              49.731401
            ],
            [
              6.691769,
              49.731365
            ],
            [
              6.691626,
              49.731372
            ],
            [
              6.691555,
              49.731383
            ],
            [
              6.690735,
              49.731505
            ],
            [
              6.690595,
              49.731515
            ],
            [
              6.690374,
              49.731528
            ],
            [
              6.690071,
              49.731545
            ],
            [
              6.690041,
              49.73157
            ],
            [
              6.68995,
              49.731643
            ],
            [
              6.689956,
              49.731777
            ],
            [
              6.690088,
              49.732079
            ],
            [
              6.690113,
              49.732133
            ],
            [
              6.69016,
              49.732276
            ],
            [
              6.690222,
              49.732463
            ],
            [
              6.69024,
              49.732665
            ],
            [
              6.690267,
              49.732959
            ],
            [
              6.690136,
              49.733578
            ],
            [
              6.690146,
              49.73366
            ],
            [
              6.6902,
              49.733713
            ],
            [
              6.69023,
              49.733746
            ],
            [
              6.690298,
              49.733808
            ],
            [
              6.690293,
              49.733878
            ],
            [
              6.690284,
              49.733885
            ],
            [
              6.690211,
              49.733961
            ],
            [
              6.69017,
              49.733975
            ],
            [
              6.690578,
              49.734429
            ],
            [
              6.690835,
              49.734613
            ],
            [
              6.690908,
              49.734692
            ],
            [
              6.690906,
              49.734773
            ],
            [
              6.690333,
              49.735054
            ],
            [
              6.689387,
              49.735438
            ],
            [
              6.688638,
              49.734482
            ],
            [
              6.688245,
              49.734131
            ],
            [
              6.687874,
              49.733802
            ],
            [
              6.686862,
              49.733048
            ],
            [
              6.686654,
              49.7329
            ],
            [
              6.686596,
              49.732939
            ],
            [
              6.686343,
              49.732784
            ],
            [
              6.685852,
              49.732888
            ],
            [
              6.685008,
              49.733066
            ],
            [
              6.684709,
              49.733164
            ],
            [
              6.684311,
              49.733469
            ],
            [
              6.684105,
              49.733762
            ],
            [
              6.683944,
              49.734232
            ],
            [
              6.683813,
              49.734359
            ],
            [
              6.683035,
              49.735106
            ],
            [
              6.682686,
              49.735484
            ],
            [
              6.682509,
              49.735416
            ],
            [
              6.68247,
              49.73563
            ],
            [
              6.682125,
              49.736074
            ],
            [
              6.681751,
              49.736496
            ],
            [
              6.681656,
              49.736603
            ],
            [
              6.681313,
              49.736929
            ],
            [
              6.681217,
              49.737264
            ],
            [
              6.681269,
              49.737694
            ],
            [
              6.681411,
              49.738065
            ],
            [
              6.681532,
              49.738356
            ],
            [
              6.68159,
              49.738531
            ],
            [
              6.681637,
              49.738675
            ],
            [
              6.681715,
              49.73891
            ],
            [
              6.681817,
              49.739294
            ],
            [
              6.681849,
              49.739414
            ],
            [
              6.683442,
              49.738975
            ],
            [
              6.683925,
              49.739171
            ],
            [
              6.684138,
              49.739601
            ],
            [
              6.684599,
              49.740066
            ],
            [
              6.684363,
              49.740159
            ],
            [
              6.684381,
              49.740176
            ],
            [
              6.683603,
              49.740481
            ],
            [
              6.683422,
              49.740566
            ],
            [
              6.68357,
              49.740844
            ],
            [
              6.683681,
              49.740964
            ],
            [
              6.683813,
              49.741167
            ],
            [
              6.683821,
              49.741328
            ],
            [
              6.68376,
              49.741457
            ],
            [
              6.683632,
              49.741581
            ],
            [
              6.682923,
              49.741898
            ],
            [
              6.682671,
              49.741986
            ],
            [
              6.682467,
              49.74205
            ],
            [
              6.682166,
              49.742106
            ],
            [
              6.681668,
              49.742138
            ],
            [
              6.680985,
              49.742201
            ],
            [
              6.680313,
              49.742353
            ],
            [
              6.680172,
              49.742435
            ],
            [
              6.68007,
              49.742567
            ],
            [
              6.680011,
              49.742688
            ],
            [
              6.679911,
              49.743118
            ],
            [
              6.679883,
              49.743709
            ],
            [
              6.680846,
              49.743672
            ],
            [
              6.680863,
              49.74407
            ],
            [
              6.680905,
              49.744294
            ],
            [
              6.680949,
              49.744458
            ],
            [
              6.680963,
              49.744507
            ],
            [
              6.681098,
              49.745011
            ],
            [
              6.681363,
              49.745452
            ],
            [
              6.681501,
              49.74537
            ],
            [
              6.6818,
              49.745542
            ],
            [
              6.682341,
              49.745728
            ],
            [
              6.682532,
              49.74576
            ],
            [
              6.682821,
              49.745715
            ],
            [
              6.683152,
              49.745641
            ],
            [
              6.683309,
              49.745854
            ],
            [
              6.68306,
              49.746542
            ],
            [
              6.682894,
              49.746712
            ],
            [
              6.6827,
              49.746839
            ],
            [
              6.682631,
              49.746907
            ],
            [
              6.683529,
              49.747468
            ],
            [
              6.683074,
              49.747872
            ],
            [
              6.682553,
              49.74833
            ],
            [
              6.682482,
              49.748625
            ],
            [
              6.682479,
              49.748726
            ],
            [
              6.682501,
              49.74882
            ],
            [
              6.682442,
              49.748858
            ],
            [
              6.682341,
              49.748839
            ],
            [
              6.682031,
              49.748707
            ],
            [
              6.681051,
              49.748303
            ],
            [
              6.680656,
              49.74817
            ],
            [
              6.679796,
              49.747716
            ],
            [
              6.678962,
              49.747326
            ],
            [
              6.677452,
              49.747065
            ],
            [
              6.67725,
              49.746993
            ],
            [
              6.677037,
              49.746822
            ],
            [
              6.676909,
              49.746653
            ],
            [
              6.6769,
              49.746532
            ],
            [
              6.677047,
              49.746244
            ],
            [
              6.677087,
              49.74593
            ],
            [
              6.676993,
              49.745742
            ],
            [
              6.67687,
              49.745554
            ],
            [
              6.67675,
              49.745586
            ],
            [
              6.676729,
              49.745638
            ],
            [
              6.676567,
              49.745933
            ],
            [
              6.67639,
              49.746148
            ],
            [
              6.675928,
              49.746592
            ],
            [
              6.67595,
              49.746635
            ],
            [
              6.675966,
              49.746664
            ],
            [
              6.67659,
              49.747032
            ],
            [
              6.677263,
              49.747552
            ],
            [
              6.677995,
              49.747843
            ],
            [
              6.678857,
              49.748183
            ],
            [
              6.678975,
              49.748259
            ],
            [
              6.6807,
              49.749297
            ],
            [
              6.681151,
              49.74957
            ],
            [
              6.681575,
              49.749826
            ],
            [
              6.681909,
              49.749986
            ],
            [
              6.682268,
              49.750231
            ],
            [
              6.682896,
              49.750636
            ],
            [
              6.683668,
              49.751058
            ],
            [
              6.68442,
              49.751469
            ],
            [
              6.685007,
              49.750902
            ],
            [
              6.686794,
              49.749257
            ],
            [
              6.68686,
              49.749196
            ],
            [
              6.687237,
              49.748848
            ],
            [
              6.688765,
              49.747359
            ],
            [
              6.689631,
              49.746552
            ],
            [
              6.690287,
              49.745916
            ],
            [
              6.690662,
              49.745552
            ],
            [
              6.691809,
              49.744344
            ]
          ]
        ]
      },
      "$schema": null,
      "$context": null
    },
    {
      "type": "Feature",
      "properties": {
        "ID1": 16,
        "ORTSBEZIRK": "Mariahof",
        "ORTSBEZIR1": 53,
        "link": "https://www.trier.de/leben-in-trier/ortsbezirke/"
      },
      "bbox": [
        6.628836,
        49.69863,
        6.67539,
        49.73852
      ],
      "geometry": {
        "type": "Polygon",
        "coordinates": [
          [
            [
              6.65447,
              49.727376
            ],
            [
              6.65376,
              49.728355
            ],
            [
              6.653132,
              49.729195
            ],
            [
              6.652948,
              49.729457
            ],
            [
              6.652881,
              49.72956
            ],
            [
              6.652804,
              49.729715
            ],
            [
              6.652768,
              49.729867
            ],
            [
              6.652751,
              49.730051
            ],
            [
              6.652764,
              49.730225
            ],
            [
              6.652745,
              49.730228
            ],
            [
              6.652773,
              49.730492
            ],
            [
              6.652777,
              49.730684
            ],
            [
              6.652753,
              49.730865
            ],
            [
              6.652708,
              49.731033
            ],
            [
              6.652639,
              49.731194
            ],
            [
              6.65228,
              49.73191
            ],
            [
              6.65191,
              49.732647
            ],
            [
              6.6524,
              49.732742
            ],
            [
              6.653149,
              49.732811
            ],
            [
              6.653095,
              49.733085
            ],
            [
              6.653059,
              49.733157
            ],
            [
              6.652705,
              49.733489
            ],
            [
              6.652601,
              49.733807
            ],
            [
              6.652907,
              49.733956
            ],
            [
              6.653008,
              49.734019
            ],
            [
              6.653452,
              49.734085
            ],
            [
              6.653508,
              49.734151
            ],
            [
              6.653612,
              49.734196
            ],
            [
              6.653718,
              49.734302
            ],
            [
              6.653758,
              49.734387
            ],
            [
              6.653816,
              49.734424
            ],
            [
              6.653844,
              49.734424
            ],
            [
              6.653994,
              49.734524
            ],
            [
              6.654008,
              49.734546
            ],
            [
              6.654129,
              49.734615
            ],
            [
              6.654274,
              49.734637
            ],
            [
              6.654274,
              49.734648
            ],
            [
              6.654341,
              49.734698
            ],
            [
              6.654441,
              49.73479
            ],
            [
              6.654542,
              49.734856
            ],
            [
              6.654639,
              49.734967
            ],
            [
              6.654678,
              49.735054
            ],
            [
              6.654805,
              49.735218
            ],
            [
              6.654911,
              49.735321
            ],
            [
              6.654949,
              49.735371
            ],
            [
              6.655038,
              49.735547
            ],
            [
              6.655124,
              49.735671
            ],
            [
              6.655112,
              49.735693
            ],
            [
              6.655121,
              49.735938
            ],
            [
              6.655228,
              49.736146
            ],
            [
              6.655321,
              49.736295
            ],
            [
              6.655372,
              49.736473
            ],
            [
              6.655321,
              49.736602
            ],
            [
              6.655361,
              49.736678
            ],
            [
              6.655384,
              49.736754
            ],
            [
              6.655438,
              49.736848
            ],
            [
              6.655462,
              49.737012
            ],
            [
              6.655591,
              49.737199
            ],
            [
              6.655703,
              49.737384
            ],
            [
              6.655942,
              49.737688
            ],
            [
              6.656644,
              49.738497
            ],
            [
              6.656768,
              49.73852
            ],
            [
              6.656842,
              49.738276
            ],
            [
              6.656963,
              49.738083
            ],
            [
              6.657131,
              49.737962
            ],
            [
              6.657392,
              49.737846
            ],
            [
              6.657656,
              49.737744
            ],
            [
              6.657982,
              49.737674
            ],
            [
              6.658796,
              49.737605
            ],
            [
              6.659483,
              49.737516
            ],
            [
              6.660118,
              49.737481
            ],
            [
              6.660566,
              49.737477
            ],
            [
              6.66115,
              49.737495
            ],
            [
              6.662277,
              49.73754
            ],
            [
              6.663171,
              49.737495
            ],
            [
              6.663699,
              49.73748
            ],
            [
              6.664141,
              49.737446
            ],
            [
              6.664388,
              49.737429
            ],
            [
              6.664512,
              49.737439
            ],
            [
              6.664652,
              49.73747
            ],
            [
              6.66549,
              49.737263
            ],
            [
              6.665815,
              49.737138
            ],
            [
              6.665981,
              49.737113
            ],
            [
              6.666349,
              49.737125
            ],
            [
              6.666847,
              49.737117
            ],
            [
              6.667371,
              49.737091
            ],
            [
              6.667733,
              49.737203
            ],
            [
              6.668116,
              49.737247
            ],
            [
              6.668498,
              49.737408
            ],
            [
              6.668535,
              49.737506
            ],
            [
              6.668618,
              49.737425
            ],
            [
              6.668692,
              49.737397
            ],
            [
              6.668926,
              49.737306
            ],
            [
              6.669109,
              49.737237
            ],
            [
              6.669379,
              49.737136
            ],
            [
              6.66954,
              49.737043
            ],
            [
              6.669772,
              49.736893
            ],
            [
              6.67002,
              49.736661
            ],
            [
              6.670142,
              49.736559
            ],
            [
              6.670199,
              49.736511
            ],
            [
              6.67031,
              49.736416
            ],
            [
              6.670378,
              49.736358
            ],
            [
              6.670465,
              49.736283
            ],
            [
              6.670555,
              49.736206
            ],
            [
              6.670632,
              49.736141
            ],
            [
              6.670675,
              49.736104
            ],
            [
              6.670718,
              49.736066
            ],
            [
              6.670782,
              49.736008
            ],
            [
              6.670836,
              49.735959
            ],
            [
              6.670878,
              49.735921
            ],
            [
              6.670954,
              49.735851
            ],
            [
              6.671047,
              49.735768
            ],
            [
              6.671176,
              49.735655
            ],
            [
              6.671395,
              49.735466
            ],
            [
              6.671576,
              49.7353
            ],
            [
              6.671783,
              49.735113
            ],
            [
              6.672005,
              49.734989
            ],
            [
              6.672444,
              49.734657
            ],
            [
              6.672615,
              49.734527
            ],
            [
              6.672763,
              49.734273
            ],
            [
              6.672864,
              49.734098
            ],
            [
              6.672937,
              49.733999
            ],
            [
              6.672938,
              49.733875
            ],
            [
              6.673106,
              49.733805
            ],
            [
              6.67324,
              49.733658
            ],
            [
              6.673304,
              49.73353
            ],
            [
              6.67341,
              49.733447
            ],
            [
              6.673536,
              49.733373
            ],
            [
              6.673743,
              49.733126
            ],
            [
              6.673961,
              49.732836
            ],
            [
              6.674114,
              49.732676
            ],
            [
              6.67432,
              49.732471
            ],
            [
              6.674557,
              49.73223
            ],
            [
              6.674618,
              49.732194
            ],
            [
              6.674732,
              49.732124
            ],
            [
              6.674915,
              49.73201
            ],
            [
              6.675196,
              49.731635
            ],
            [
              6.675251,
              49.731392
            ],
            [
              6.67539,
              49.730782
            ],
            [
              6.675276,
              49.729987
            ],
            [
              6.674851,
              49.729722
            ],
            [
              6.674748,
              49.729657
            ],
            [
              6.674647,
              49.729564
            ],
            [
              6.67449,
              49.72942
            ],
            [
              6.674398,
              49.729335
            ],
            [
              6.674338,
              49.72928
            ],
            [
              6.67425,
              49.729199
            ],
            [
              6.67422,
              49.729177
            ],
            [
              6.674138,
              49.729116
            ],
            [
              6.674062,
              49.729061
            ],
            [
              6.673998,
              49.729015
            ],
            [
              6.673919,
              49.728966
            ],
            [
              6.673793,
              49.728888
            ],
            [
              6.673763,
              49.728869
            ],
            [
              6.6735,
              49.728563
            ],
            [
              6.673222,
              49.72847
            ],
            [
              6.67321,
              49.728456
            ],
            [
              6.673018,
              49.72822
            ],
            [
              6.672782,
              49.728121
            ],
            [
              6.672449,
              49.72778
            ],
            [
              6.672431,
              49.727782
            ],
            [
              6.672417,
              49.727704
            ],
            [
              6.672442,
              49.727653
            ],
            [
              6.672283,
              49.727333
            ],
            [
              6.672267,
              49.727194
            ],
            [
              6.672313,
              49.727053
            ],
            [
              6.672251,
              49.726944
            ],
            [
              6.672189,
              49.726836
            ],
            [
              6.672168,
              49.726753
            ],
            [
              6.672139,
              49.726643
            ],
            [
              6.672141,
              49.726457
            ],
            [
              6.672069,
              49.726361
            ],
            [
              6.671944,
              49.726198
            ],
            [
              6.671905,
              49.726092
            ],
            [
              6.671876,
              49.725995
            ],
            [
              6.671868,
              49.725866
            ],
            [
              6.671778,
              49.725695
            ],
            [
              6.671807,
              49.725571
            ],
            [
              6.67177,
              49.725437
            ],
            [
              6.671677,
              49.725382
            ],
            [
              6.671642,
              49.725346
            ],
            [
              6.671587,
              49.725327
            ],
            [
              6.671503,
              49.725297
            ],
            [
              6.671401,
              49.725245
            ],
            [
              6.671339,
              49.725227
            ],
            [
              6.671326,
              49.725216
            ],
            [
              6.671263,
              49.725141
            ],
            [
              6.671213,
              49.725078
            ],
            [
              6.671143,
              49.724979
            ],
            [
              6.671125,
              49.724971
            ],
            [
              6.671048,
              49.72498
            ],
            [
              6.671034,
              49.724973
            ],
            [
              6.671025,
              49.724951
            ],
            [
              6.67103,
              49.724883
            ],
            [
              6.670822,
              49.724623
            ],
            [
              6.670745,
              49.724457
            ],
            [
              6.670655,
              49.724374
            ],
            [
              6.670573,
              49.724252
            ],
            [
              6.670524,
              49.724206
            ],
            [
              6.670475,
              49.72416
            ],
            [
              6.670198,
              49.723965
            ],
            [
              6.669993,
              49.723752
            ],
            [
              6.669897,
              49.723661
            ],
            [
              6.669721,
              49.723555
            ],
            [
              6.669406,
              49.723212
            ],
            [
              6.66931,
              49.723056
            ],
            [
              6.669357,
              49.722929
            ],
            [
              6.669412,
              49.722877
            ],
            [
              6.66939,
              49.722796
            ],
            [
              6.669395,
              49.722783
            ],
            [
              6.669468,
              49.72272
            ],
            [
              6.669416,
              49.722602
            ],
            [
              6.66913,
              49.722478
            ],
            [
              6.669058,
              49.722421
            ],
            [
              6.668916,
              49.722343
            ],
            [
              6.668894,
              49.722319
            ],
            [
              6.668796,
              49.722253
            ],
            [
              6.668672,
              49.722216
            ],
            [
              6.668514,
              49.722179
            ],
            [
              6.668429,
              49.722129
            ],
            [
              6.668322,
              49.722043
            ],
            [
              6.668255,
              49.721955
            ],
            [
              6.66811,
              49.721904
            ],
            [
              6.668035,
              49.721887
            ],
            [
              6.668014,
              49.721746
            ],
            [
              6.667892,
              49.721656
            ],
            [
              6.667753,
              49.721549
            ],
            [
              6.667708,
              49.72151
            ],
            [
              6.667622,
              49.721464
            ],
            [
              6.667474,
              49.721407
            ],
            [
              6.667421,
              49.721293
            ],
            [
              6.667295,
              49.72121
            ],
            [
              6.667183,
              49.721213
            ],
            [
              6.667157,
              49.721205
            ],
            [
              6.666899,
              49.72098
            ],
            [
              6.666829,
              49.720954
            ],
            [
              6.666818,
              49.720891
            ],
            [
              6.666905,
              49.720862
            ],
            [
              6.666276,
              49.720485
            ],
            [
              6.666443,
              49.720377
            ],
            [
              6.666438,
              49.720365
            ],
            [
              6.666433,
              49.720361
            ],
            [
              6.666297,
              49.720308
            ],
            [
              6.666183,
              49.720275
            ],
            [
              6.666069,
              49.720223
            ],
            [
              6.665871,
              49.720165
            ],
            [
              6.66576,
              49.720136
            ],
            [
              6.66569,
              49.720105
            ],
            [
              6.665598,
              49.72008
            ],
            [
              6.665457,
              49.720011
            ],
            [
              6.665392,
              49.719911
            ],
            [
              6.665231,
              49.719833
            ],
            [
              6.665095,
              49.719755
            ],
            [
              6.665014,
              49.71969
            ],
            [
              6.664902,
              49.719631
            ],
            [
              6.66483,
              49.719575
            ],
            [
              6.664716,
              49.719535
            ],
            [
              6.664602,
              49.719456
            ],
            [
              6.664511,
              49.719405
            ],
            [
              6.664436,
              49.71938
            ],
            [
              6.664379,
              49.719341
            ],
            [
              6.664356,
              49.719298
            ],
            [
              6.664235,
              49.71923
            ],
            [
              6.664128,
              49.719165
            ],
            [
              6.664052,
              49.719119
            ],
            [
              6.664033,
              49.719105
            ],
            [
              6.663992,
              49.719072
            ],
            [
              6.663916,
              49.718987
            ],
            [
              6.66389,
              49.718959
            ],
            [
              6.663832,
              49.718905
            ],
            [
              6.663749,
              49.718874
            ],
            [
              6.663694,
              49.718834
            ],
            [
              6.66363,
              49.718806
            ],
            [
              6.66359,
              49.718767
            ],
            [
              6.663483,
              49.7186
            ],
            [
              6.663307,
              49.71851
            ],
            [
              6.663222,
              49.718459
            ],
            [
              6.663128,
              49.718422
            ],
            [
              6.66287,
              49.718258
            ],
            [
              6.662862,
              49.718206
            ],
            [
              6.662787,
              49.718141
            ],
            [
              6.662723,
              49.718129
            ],
            [
              6.662628,
              49.718103
            ],
            [
              6.662577,
              49.718092
            ],
            [
              6.662498,
              49.71802
            ],
            [
              6.662396,
              49.717903
            ],
            [
              6.662218,
              49.717759
            ],
            [
              6.662109,
              49.717745
            ],
            [
              6.66202,
              49.717702
            ],
            [
              6.661992,
              49.717645
            ],
            [
              6.661808,
              49.717527
            ],
            [
              6.661763,
              49.717478
            ],
            [
              6.661772,
              49.717396
            ],
            [
              6.661683,
              49.717323
            ],
            [
              6.661594,
              49.717302
            ],
            [
              6.661462,
              49.717195
            ],
            [
              6.661384,
              49.717083
            ],
            [
              6.661305,
              49.717061
            ],
            [
              6.661249,
              49.717015
            ],
            [
              6.661137,
              49.716879
            ],
            [
              6.661039,
              49.71684
            ],
            [
              6.660974,
              49.716775
            ],
            [
              6.660943,
              49.716664
            ],
            [
              6.660767,
              49.716571
            ],
            [
              6.66062,
              49.716489
            ],
            [
              6.660571,
              49.716387
            ],
            [
              6.660462,
              49.716275
            ],
            [
              6.660422,
              49.716219
            ],
            [
              6.660355,
              49.716165
            ],
            [
              6.66031,
              49.716129
            ],
            [
              6.660012,
              49.716038
            ],
            [
              6.659917,
              49.715915
            ],
            [
              6.659914,
              49.715869
            ],
            [
              6.659874,
              49.71584
            ],
            [
              6.659813,
              49.715697
            ],
            [
              6.659721,
              49.715623
            ],
            [
              6.659602,
              49.715549
            ],
            [
              6.659524,
              49.715416
            ],
            [
              6.659481,
              49.715302
            ],
            [
              6.659481,
              49.715276
            ],
            [
              6.659488,
              49.715238
            ],
            [
              6.65953,
              49.715187
            ],
            [
              6.659447,
              49.715114
            ],
            [
              6.659418,
              49.715053
            ],
            [
              6.659255,
              49.7149
            ],
            [
              6.659234,
              49.714815
            ],
            [
              6.659224,
              49.714693
            ],
            [
              6.659234,
              49.714612
            ],
            [
              6.659207,
              49.714568
            ],
            [
              6.659156,
              49.714528
            ],
            [
              6.659093,
              49.714366
            ],
            [
              6.659021,
              49.714284
            ],
            [
              6.658995,
              49.714217
            ],
            [
              6.658999,
              49.714124
            ],
            [
              6.658934,
              49.71408
            ],
            [
              6.658859,
              49.713874
            ],
            [
              6.658836,
              49.713819
            ],
            [
              6.658735,
              49.713727
            ],
            [
              6.658711,
              49.713623
            ],
            [
              6.658631,
              49.713527
            ],
            [
              6.658594,
              49.713482
            ],
            [
              6.658547,
              49.713429
            ],
            [
              6.658504,
              49.713323
            ],
            [
              6.658365,
              49.713077
            ],
            [
              6.65837,
              49.713027
            ],
            [
              6.658296,
              49.712799
            ],
            [
              6.658246,
              49.712688
            ],
            [
              6.658216,
              49.712495
            ],
            [
              6.658224,
              49.712419
            ],
            [
              6.658164,
              49.712313
            ],
            [
              6.658113,
              49.712291
            ],
            [
              6.658131,
              49.712198
            ],
            [
              6.65807,
              49.712144
            ],
            [
              6.657988,
              49.712118
            ],
            [
              6.657937,
              49.712136
            ],
            [
              6.657924,
              49.712137
            ],
            [
              6.657888,
              49.712133
            ],
            [
              6.65786,
              49.712124
            ],
            [
              6.657816,
              49.712037
            ],
            [
              6.657696,
              49.711938
            ],
            [
              6.657607,
              49.711917
            ],
            [
              6.657565,
              49.711951
            ],
            [
              6.657452,
              49.711975
            ],
            [
              6.657326,
              49.711982
            ],
            [
              6.657312,
              49.711974
            ],
            [
              6.657313,
              49.711918
            ],
            [
              6.657313,
              49.711916
            ],
            [
              6.657313,
              49.711908
            ],
            [
              6.657313,
              49.711869
            ],
            [
              6.657339,
              49.711787
            ],
            [
              6.657357,
              49.711685
            ],
            [
              6.657365,
              49.711635
            ],
            [
              6.65733,
              49.71155
            ],
            [
              6.657313,
              49.711412
            ],
            [
              6.657251,
              49.711294
            ],
            [
              6.657288,
              49.711259
            ],
            [
              6.657268,
              49.711235
            ],
            [
              6.657223,
              49.71118
            ],
            [
              6.657203,
              49.711112
            ],
            [
              6.657147,
              49.71109
            ],
            [
              6.657119,
              49.710988
            ],
            [
              6.657064,
              49.710899
            ],
            [
              6.657016,
              49.710771
            ],
            [
              6.656908,
              49.710673
            ],
            [
              6.656879,
              49.710647
            ],
            [
              6.656802,
              49.710567
            ],
            [
              6.656621,
              49.710417
            ],
            [
              6.656499,
              49.710274
            ],
            [
              6.656433,
              49.71017
            ],
            [
              6.656383,
              49.710048
            ],
            [
              6.656326,
              49.709976
            ],
            [
              6.656217,
              49.7098
            ],
            [
              6.656165,
              49.70966
            ],
            [
              6.65613,
              49.70953
            ],
            [
              6.656091,
              49.709449
            ],
            [
              6.656066,
              49.709365
            ],
            [
              6.655986,
              49.709239
            ],
            [
              6.655886,
              49.709083
            ],
            [
              6.655805,
              49.709013
            ],
            [
              6.655791,
              49.708978
            ],
            [
              6.65576,
              49.708904
            ],
            [
              6.655764,
              49.708874
            ],
            [
              6.65568,
              49.708738
            ],
            [
              6.65564,
              49.708674
            ],
            [
              6.655619,
              49.708601
            ],
            [
              6.655629,
              49.708497
            ],
            [
              6.655643,
              49.708425
            ],
            [
              6.655622,
              49.708296
            ],
            [
              6.655604,
              49.708209
            ],
            [
              6.655576,
              49.70806
            ],
            [
              6.655617,
              49.70801
            ],
            [
              6.655599,
              49.707899
            ],
            [
              6.655643,
              49.707812
            ],
            [
              6.655629,
              49.707742
            ],
            [
              6.655687,
              49.707643
            ],
            [
              6.655706,
              49.707555
            ],
            [
              6.655721,
              49.707507
            ],
            [
              6.655767,
              49.707365
            ],
            [
              6.655741,
              49.707291
            ],
            [
              6.655733,
              49.707268
            ],
            [
              6.655753,
              49.707214
            ],
            [
              6.655713,
              49.707184
            ],
            [
              6.655706,
              49.70715
            ],
            [
              6.655722,
              49.707124
            ],
            [
              6.655705,
              49.707037
            ],
            [
              6.655674,
              49.706999
            ],
            [
              6.655674,
              49.706978
            ],
            [
              6.65569,
              49.70695
            ],
            [
              6.655674,
              49.706938
            ],
            [
              6.655665,
              49.706926
            ],
            [
              6.655619,
              49.706907
            ],
            [
              6.655569,
              49.706901
            ],
            [
              6.655453,
              49.706817
            ],
            [
              6.655438,
              49.706648
            ],
            [
              6.655365,
              49.706428
            ],
            [
              6.655228,
              49.706243
            ],
            [
              6.655013,
              49.706068
            ],
            [
              6.654985,
              49.706031
            ],
            [
              6.654882,
              49.705939
            ],
            [
              6.654837,
              49.70591
            ],
            [
              6.654755,
              49.705793
            ],
            [
              6.654606,
              49.705676
            ],
            [
              6.654545,
              49.705644
            ],
            [
              6.654504,
              49.705629
            ],
            [
              6.654459,
              49.705607
            ],
            [
              6.654427,
              49.70558
            ],
            [
              6.654379,
              49.70556
            ],
            [
              6.654336,
              49.70546
            ],
            [
              6.654306,
              49.705419
            ],
            [
              6.654279,
              49.70536
            ],
            [
              6.653982,
              49.705118
            ],
            [
              6.653884,
              49.705053
            ],
            [
              6.653872,
              49.705037
            ],
            [
              6.653786,
              49.704912
            ],
            [
              6.653667,
              49.70474
            ],
            [
              6.653642,
              49.704705
            ],
            [
              6.653635,
              49.704694
            ],
            [
              6.653604,
              49.704664
            ],
            [
              6.653486,
              49.704713
            ],
            [
              6.653445,
              49.704732
            ],
            [
              6.653418,
              49.704747
            ],
            [
              6.652903,
              49.704171
            ],
            [
              6.652456,
              49.703671
            ],
            [
              6.651818,
              49.70296
            ],
            [
              6.651777,
              49.702974
            ],
            [
              6.651671,
              49.703002
            ],
            [
              6.651619,
              49.703016
            ],
            [
              6.6516,
              49.703022
            ],
            [
              6.651327,
              49.703094
            ],
            [
              6.651258,
              49.7031
            ],
            [
              6.651103,
              49.703115
            ],
            [
              6.651071,
              49.703118
            ],
            [
              6.650963,
              49.703146
            ],
            [
              6.650724,
              49.703207
            ],
            [
              6.650661,
              49.703223
            ],
            [
              6.650457,
              49.70328
            ],
            [
              6.650235,
              49.703343
            ],
            [
              6.650119,
              49.703436
            ],
            [
              6.650062,
              49.703563
            ],
            [
              6.650053,
              49.703569
            ],
            [
              6.649751,
              49.703767
            ],
            [
              6.649546,
              49.703902
            ],
            [
              6.649311,
              49.704057
            ],
            [
              6.649203,
              49.704128
            ],
            [
              6.649184,
              49.704141
            ],
            [
              6.648997,
              49.704264
            ],
            [
              6.648815,
              49.704383
            ],
            [
              6.648793,
              49.704398
            ],
            [
              6.648718,
              49.704447
            ],
            [
              6.648069,
              49.703613
            ],
            [
              6.647348,
              49.702793
            ],
            [
              6.646596,
              49.701938
            ],
            [
              6.645817,
              49.700965
            ],
            [
              6.645416,
              49.700267
            ],
            [
              6.644907,
              49.699688
            ],
            [
              6.644796,
              49.699578
            ],
            [
              6.644311,
              49.699195
            ],
            [
              6.644183,
              49.699094
            ],
            [
              6.643188,
              49.69863
            ],
            [
              6.642974,
              49.698781
            ],
            [
              6.642166,
              49.698959
            ],
            [
              6.641887,
              49.699021
            ],
            [
              6.641306,
              49.699151
            ],
            [
              6.638609,
              49.699985
            ],
            [
              6.63679,
              49.700561
            ],
            [
              6.634236,
              49.701369
            ],
            [
              6.634135,
              49.701401
            ],
            [
              6.634069,
              49.701422
            ],
            [
              6.632821,
              49.70182
            ],
            [
              6.632714,
              49.701854
            ],
            [
              6.632761,
              49.701868
            ],
            [
              6.632997,
              49.701938
            ],
            [
              6.633278,
              49.702022
            ],
            [
              6.633729,
              49.702092
            ],
            [
              6.633804,
              49.70212
            ],
            [
              6.633894,
              49.702168
            ],
            [
              6.634071,
              49.702403
            ],
            [
              6.634119,
              49.702465
            ],
            [
              6.63413,
              49.702516
            ],
            [
              6.634036,
              49.70261
            ],
            [
              6.633877,
              49.70274
            ],
            [
              6.633589,
              49.702871
            ],
            [
              6.633201,
              49.703025
            ],
            [
              6.63249,
              49.703473
            ],
            [
              6.632492,
              49.704927
            ],
            [
              6.632798,
              49.705109
            ],
            [
              6.632645,
              49.705251
            ],
            [
              6.633989,
              49.706111
            ],
            [
              6.631656,
              49.707767
            ],
            [
              6.628945,
              49.70701
            ],
            [
              6.628932,
              49.707232
            ],
            [
              6.628836,
              49.708905
            ],
            [
              6.628924,
              49.709137
            ],
            [
              6.629095,
              49.7094
            ],
            [
              6.630269,
              49.71046
            ],
            [
              6.630677,
              49.710826
            ],
            [
              6.630982,
              49.711098
            ],
            [
              6.632082,
              49.712019
            ],
            [
              6.633293,
              49.713232
            ],
            [
              6.634001,
              49.714414
            ],
            [
              6.634354,
              49.714923
            ],
            [
              6.634668,
              49.715605
            ],
            [
              6.634767,
              49.715847
            ],
            [
              6.634917,
              49.716206
            ],
            [
              6.635092,
              49.716628
            ],
            [
              6.636803,
              49.718286
            ],
            [
              6.63764,
              49.718975
            ],
            [
              6.63831,
              49.719491
            ],
            [
              6.638467,
              49.719512
            ],
            [
              6.638541,
              49.719913
            ],
            [
              6.638641,
              49.719969
            ],
            [
              6.638668,
              49.720035
            ],
            [
              6.638688,
              49.720061
            ],
            [
              6.639712,
              49.7199
            ],
            [
              6.639821,
              49.719897
            ],
            [
              6.639983,
              49.719896
            ],
            [
              6.640299,
              49.719794
            ],
            [
              6.640491,
              49.719852
            ],
            [
              6.640599,
              49.719961
            ],
            [
              6.640541,
              49.72008
            ],
            [
              6.640383,
              49.720574
            ],
            [
              6.64033,
              49.720994
            ],
            [
              6.640702,
              49.721461
            ],
            [
              6.640906,
              49.722443
            ],
            [
              6.640786,
              49.723325
            ],
            [
              6.640491,
              49.724056
            ],
            [
              6.640454,
              49.724308
            ],
            [
              6.64045,
              49.724386
            ],
            [
              6.640514,
              49.724669
            ],
            [
              6.64075,
              49.725069
            ],
            [
              6.64086,
              49.725254
            ],
            [
              6.641129,
              49.725581
            ],
            [
              6.641298,
              49.725702
            ],
            [
              6.641644,
              49.725957
            ],
            [
              6.64168,
              49.725969
            ],
            [
              6.641983,
              49.726307
            ],
            [
              6.642303,
              49.726814
            ],
            [
              6.643786,
              49.726539
            ],
            [
              6.644012,
              49.726309
            ],
            [
              6.6442,
              49.726145
            ],
            [
              6.644283,
              49.726088
            ],
            [
              6.644699,
              49.72587
            ],
            [
              6.644962,
              49.72581
            ],
            [
              6.645186,
              49.725772
            ],
            [
              6.645557,
              49.725718
            ],
            [
              6.645901,
              49.725695
            ],
            [
              6.647017,
              49.725645
            ],
            [
              6.647787,
              49.725585
            ],
            [
              6.650408,
              49.725404
            ],
            [
              6.650513,
              49.725445
            ],
            [
              6.650938,
              49.72569
            ],
            [
              6.652121,
              49.725983
            ],
            [
              6.653916,
              49.726361
            ],
            [
              6.654783,
              49.726361
            ],
            [
              6.655003,
              49.726448
            ],
            [
              6.654939,
              49.726727
            ],
            [
              6.65447,
              49.727376
            ]
          ]
        ]
      },
      "$schema": null,
      "$context": null
    },
    {
      "type": "Feature",
      "properties": {
        "ID1": 17,
        "ORTSBEZIRK": "Kernscheid",
        "ORTSBEZIR1": 46,
        "link": "https://www.trier.de/leben-in-trier/ortsbezirke/"
      },
      "bbox": [
        6.657312,
        49.707499,
        6.688758,
        49.737963
      ],
      "geometry": {
        "type": "Polygon",
        "coordinates": [
          [
            [
              6.670142,
              49.736559
            ],
            [
              6.670316,
              49.736637
            ],
            [
              6.671246,
              49.737085
            ],
            [
              6.671255,
              49.737536
            ],
            [
              6.672224,
              49.737104
            ],
            [
              6.672514,
              49.737231
            ],
            [
              6.672714,
              49.737438
            ],
            [
              6.672815,
              49.737542
            ],
            [
              6.672919,
              49.737638
            ],
            [
              6.673007,
              49.737726
            ],
            [
              6.673083,
              49.737805
            ],
            [
              6.673127,
              49.737851
            ],
            [
              6.673214,
              49.737963
            ],
            [
              6.673359,
              49.737882
            ],
            [
              6.673729,
              49.737677
            ],
            [
              6.673907,
              49.737532
            ],
            [
              6.67415,
              49.73726
            ],
            [
              6.674366,
              49.736966
            ],
            [
              6.674437,
              49.736802
            ],
            [
              6.67462,
              49.736594
            ],
            [
              6.674632,
              49.736559
            ],
            [
              6.674655,
              49.73649
            ],
            [
              6.67482,
              49.736415
            ],
            [
              6.674926,
              49.736332
            ],
            [
              6.674946,
              49.736255
            ],
            [
              6.675309,
              49.735993
            ],
            [
              6.675718,
              49.735777
            ],
            [
              6.676169,
              49.73552
            ],
            [
              6.676732,
              49.735289
            ],
            [
              6.676854,
              49.735191
            ],
            [
              6.677112,
              49.734898
            ],
            [
              6.677918,
              49.734269
            ],
            [
              6.678272,
              49.73412
            ],
            [
              6.678724,
              49.733771
            ],
            [
              6.679248,
              49.733513
            ],
            [
              6.679933,
              49.734098
            ],
            [
              6.680007,
              49.734047
            ],
            [
              6.680141,
              49.733899
            ],
            [
              6.680179,
              49.733818
            ],
            [
              6.680711,
              49.733321
            ],
            [
              6.680699,
              49.733317
            ],
            [
              6.680929,
              49.733098
            ],
            [
              6.681127,
              49.732894
            ],
            [
              6.681418,
              49.7325
            ],
            [
              6.681586,
              49.732272
            ],
            [
              6.68179,
              49.73231
            ],
            [
              6.681854,
              49.732236
            ],
            [
              6.682182,
              49.732023
            ],
            [
              6.682681,
              49.731825
            ],
            [
              6.682995,
              49.731729
            ],
            [
              6.683309,
              49.731632
            ],
            [
              6.683686,
              49.731545
            ],
            [
              6.684057,
              49.731484
            ],
            [
              6.684241,
              49.731452
            ],
            [
              6.684406,
              49.731418
            ],
            [
              6.684842,
              49.731297
            ],
            [
              6.685147,
              49.731201
            ],
            [
              6.685514,
              49.731048
            ],
            [
              6.685601,
              49.73096
            ],
            [
              6.685716,
              49.730537
            ],
            [
              6.685841,
              49.730142
            ],
            [
              6.685885,
              49.729929
            ],
            [
              6.686305,
              49.729585
            ],
            [
              6.686444,
              49.729361
            ],
            [
              6.68667,
              49.728921
            ],
            [
              6.686865,
              49.728519
            ],
            [
              6.686878,
              49.728468
            ],
            [
              6.686891,
              49.728416
            ],
            [
              6.687497,
              49.728649
            ],
            [
              6.687557,
              49.728615
            ],
            [
              6.687662,
              49.728649
            ],
            [
              6.687694,
              49.728568
            ],
            [
              6.687793,
              49.728488
            ],
            [
              6.68784,
              49.728404
            ],
            [
              6.688008,
              49.728191
            ],
            [
              6.688133,
              49.727959
            ],
            [
              6.688189,
              49.727759
            ],
            [
              6.688185,
              49.727707
            ],
            [
              6.688171,
              49.727652
            ],
            [
              6.688164,
              49.727614
            ],
            [
              6.688169,
              49.727506
            ],
            [
              6.688165,
              49.727406
            ],
            [
              6.688162,
              49.727354
            ],
            [
              6.688138,
              49.727257
            ],
            [
              6.688159,
              49.727193
            ],
            [
              6.688189,
              49.727123
            ],
            [
              6.688331,
              49.726968
            ],
            [
              6.688472,
              49.726896
            ],
            [
              6.688523,
              49.726812
            ],
            [
              6.688535,
              49.726769
            ],
            [
              6.688529,
              49.726673
            ],
            [
              6.688546,
              49.726582
            ],
            [
              6.688537,
              49.726561
            ],
            [
              6.688541,
              49.726539
            ],
            [
              6.688546,
              49.726516
            ],
            [
              6.688537,
              49.726482
            ],
            [
              6.688543,
              49.726426
            ],
            [
              6.688538,
              49.726389
            ],
            [
              6.688576,
              49.726237
            ],
            [
              6.688579,
              49.726153
            ],
            [
              6.688583,
              49.726044
            ],
            [
              6.688602,
              49.725945
            ],
            [
              6.688613,
              49.725888
            ],
            [
              6.688605,
              49.725826
            ],
            [
              6.688617,
              49.725783
            ],
            [
              6.688615,
              49.725727
            ],
            [
              6.688651,
              49.725534
            ],
            [
              6.688662,
              49.725478
            ],
            [
              6.688683,
              49.725422
            ],
            [
              6.688683,
              49.725392
            ],
            [
              6.688656,
              49.725302
            ],
            [
              6.688577,
              49.725165
            ],
            [
              6.688579,
              49.725131
            ],
            [
              6.688658,
              49.725072
            ],
            [
              6.688741,
              49.725021
            ],
            [
              6.688746,
              49.724974
            ],
            [
              6.688753,
              49.724917
            ],
            [
              6.688758,
              49.724879
            ],
            [
              6.688712,
              49.724783
            ],
            [
              6.68867,
              49.724696
            ],
            [
              6.688623,
              49.724598
            ],
            [
              6.688579,
              49.724507
            ],
            [
              6.688542,
              49.724431
            ],
            [
              6.688373,
              49.724087
            ],
            [
              6.688182,
              49.72385
            ],
            [
              6.687891,
              49.723487
            ],
            [
              6.687511,
              49.72302
            ],
            [
              6.687433,
              49.722562
            ],
            [
              6.686459,
              49.721712
            ],
            [
              6.686482,
              49.721452
            ],
            [
              6.686495,
              49.721296
            ],
            [
              6.68653,
              49.720909
            ],
            [
              6.686491,
              49.7207
            ],
            [
              6.686304,
              49.71967
            ],
            [
              6.686249,
              49.71939
            ],
            [
              6.685983,
              49.718673
            ],
            [
              6.685907,
              49.718416
            ],
            [
              6.685855,
              49.718209
            ],
            [
              6.685804,
              49.718002
            ],
            [
              6.685746,
              49.717771
            ],
            [
              6.685611,
              49.717233
            ],
            [
              6.685576,
              49.716806
            ],
            [
              6.685579,
              49.716742
            ],
            [
              6.685584,
              49.716561
            ],
            [
              6.685667,
              49.716361
            ],
            [
              6.685709,
              49.716324
            ],
            [
              6.685721,
              49.716285
            ],
            [
              6.685722,
              49.716265
            ],
            [
              6.685714,
              49.716242
            ],
            [
              6.685819,
              49.71598
            ],
            [
              6.685841,
              49.715955
            ],
            [
              6.685857,
              49.715927
            ],
            [
              6.685871,
              49.715891
            ],
            [
              6.685884,
              49.715865
            ],
            [
              6.685906,
              49.715848
            ],
            [
              6.685922,
              49.715827
            ],
            [
              6.685926,
              49.715798
            ],
            [
              6.685919,
              49.715773
            ],
            [
              6.685931,
              49.715739
            ],
            [
              6.685935,
              49.715716
            ],
            [
              6.686061,
              49.71546
            ],
            [
              6.68632,
              49.714857
            ],
            [
              6.686455,
              49.714167
            ],
            [
              6.686359,
              49.713452
            ],
            [
              6.686303,
              49.713184
            ],
            [
              6.686207,
              49.712944
            ],
            [
              6.686147,
              49.712732
            ],
            [
              6.68587,
              49.71227
            ],
            [
              6.685745,
              49.712056
            ],
            [
              6.685455,
              49.711655
            ],
            [
              6.685163,
              49.711704
            ],
            [
              6.684407,
              49.710726
            ],
            [
              6.684267,
              49.710603
            ],
            [
              6.683966,
              49.710321
            ],
            [
              6.68396,
              49.710315
            ],
            [
              6.683954,
              49.71031
            ],
            [
              6.683861,
              49.710258
            ],
            [
              6.683802,
              49.710218
            ],
            [
              6.683799,
              49.710217
            ],
            [
              6.683686,
              49.710135
            ],
            [
              6.683598,
              49.710075
            ],
            [
              6.683461,
              49.709979
            ],
            [
              6.683334,
              49.70989
            ],
            [
              6.683329,
              49.709887
            ],
            [
              6.683112,
              49.709735
            ],
            [
              6.682893,
              49.709583
            ],
            [
              6.682862,
              49.709561
            ],
            [
              6.682781,
              49.709505
            ],
            [
              6.682658,
              49.709419
            ],
            [
              6.682605,
              49.709381
            ],
            [
              6.682101,
              49.709018
            ],
            [
              6.681837,
              49.7092
            ],
            [
              6.68175,
              49.709087
            ],
            [
              6.680738,
              49.70846
            ],
            [
              6.680465,
              49.708292
            ],
            [
              6.680367,
              49.708202
            ],
            [
              6.680145,
              49.707999
            ],
            [
              6.679598,
              49.707499
            ],
            [
              6.679579,
              49.707513
            ],
            [
              6.679569,
              49.707519
            ],
            [
              6.679562,
              49.707524
            ],
            [
              6.67946,
              49.707594
            ],
            [
              6.679447,
              49.707603
            ],
            [
              6.679333,
              49.707681
            ],
            [
              6.679307,
              49.7077
            ],
            [
              6.679229,
              49.707755
            ],
            [
              6.678998,
              49.707798
            ],
            [
              6.678929,
              49.707811
            ],
            [
              6.678855,
              49.707825
            ],
            [
              6.678783,
              49.707838
            ],
            [
              6.678653,
              49.707863
            ],
            [
              6.678475,
              49.707896
            ],
            [
              6.678301,
              49.707931
            ],
            [
              6.678171,
              49.707956
            ],
            [
              6.678096,
              49.707971
            ],
            [
              6.678062,
              49.707978
            ],
            [
              6.678022,
              49.707986
            ],
            [
              6.67795,
              49.708
            ],
            [
              6.677877,
              49.708014
            ],
            [
              6.67779,
              49.708032
            ],
            [
              6.677711,
              49.708047
            ],
            [
              6.677628,
              49.708064
            ],
            [
              6.677556,
              49.708078
            ],
            [
              6.677486,
              49.708092
            ],
            [
              6.677452,
              49.708098
            ],
            [
              6.677411,
              49.708106
            ],
            [
              6.677337,
              49.708121
            ],
            [
              6.677244,
              49.70814
            ],
            [
              6.677086,
              49.708171
            ],
            [
              6.677065,
              49.708175
            ],
            [
              6.676319,
              49.708304
            ],
            [
              6.676246,
              49.708317
            ],
            [
              6.676194,
              49.708326
            ],
            [
              6.676126,
              49.708338
            ],
            [
              6.676033,
              49.708354
            ],
            [
              6.675934,
              49.708371
            ],
            [
              6.67583,
              49.708389
            ],
            [
              6.675729,
              49.708407
            ],
            [
              6.675676,
              49.708416
            ],
            [
              6.675575,
              49.708433
            ],
            [
              6.675473,
              49.708451
            ],
            [
              6.675424,
              49.70846
            ],
            [
              6.675371,
              49.708469
            ],
            [
              6.675324,
              49.708477
            ],
            [
              6.67527,
              49.708486
            ],
            [
              6.675224,
              49.708494
            ],
            [
              6.675116,
              49.708512
            ],
            [
              6.675079,
              49.708523
            ],
            [
              6.675035,
              49.708535
            ],
            [
              6.674946,
              49.70856
            ],
            [
              6.674892,
              49.708575
            ],
            [
              6.674846,
              49.708588
            ],
            [
              6.674772,
              49.708609
            ],
            [
              6.674704,
              49.708628
            ],
            [
              6.674555,
              49.708669
            ],
            [
              6.674483,
              49.70869
            ],
            [
              6.674368,
              49.708722
            ],
            [
              6.673867,
              49.708862
            ],
            [
              6.67375,
              49.708895
            ],
            [
              6.673664,
              49.708902
            ],
            [
              6.673595,
              49.708909
            ],
            [
              6.673503,
              49.708917
            ],
            [
              6.67343,
              49.708923
            ],
            [
              6.67332,
              49.708933
            ],
            [
              6.673249,
              49.708939
            ],
            [
              6.673184,
              49.708945
            ],
            [
              6.67295,
              49.708966
            ],
            [
              6.672863,
              49.708974
            ],
            [
              6.672783,
              49.708981
            ],
            [
              6.672753,
              49.708983
            ],
            [
              6.672702,
              49.708988
            ],
            [
              6.672621,
              49.708995
            ],
            [
              6.67253,
              49.709003
            ],
            [
              6.672522,
              49.709004
            ],
            [
              6.672106,
              49.709041
            ],
            [
              6.672035,
              49.709047
            ],
            [
              6.671196,
              49.709057
            ],
            [
              6.671164,
              49.709028
            ],
            [
              6.671137,
              49.709003
            ],
            [
              6.670281,
              49.708216
            ],
            [
              6.670251,
              49.708189
            ],
            [
              6.670244,
              49.708183
            ],
            [
              6.670134,
              49.708082
            ],
            [
              6.670042,
              49.708131
            ],
            [
              6.669959,
              49.708176
            ],
            [
              6.669909,
              49.708203
            ],
            [
              6.669866,
              49.708226
            ],
            [
              6.669773,
              49.708276
            ],
            [
              6.669634,
              49.708351
            ],
            [
              6.669497,
              49.708425
            ],
            [
              6.669358,
              49.7085
            ],
            [
              6.669273,
              49.708546
            ],
            [
              6.669135,
              49.70862
            ],
            [
              6.669006,
              49.70869
            ],
            [
              6.668902,
              49.708771
            ],
            [
              6.668706,
              49.708924
            ],
            [
              6.668609,
              49.709
            ],
            [
              6.668533,
              49.70906
            ],
            [
              6.668455,
              49.709121
            ],
            [
              6.668383,
              49.709177
            ],
            [
              6.668317,
              49.709229
            ],
            [
              6.668233,
              49.709295
            ],
            [
              6.668174,
              49.709341
            ],
            [
              6.668161,
              49.709351
            ],
            [
              6.668101,
              49.709414
            ],
            [
              6.667975,
              49.709548
            ],
            [
              6.667897,
              49.70963
            ],
            [
              6.667822,
              49.709709
            ],
            [
              6.667376,
              49.71018
            ],
            [
              6.667292,
              49.710269
            ],
            [
              6.667134,
              49.710436
            ],
            [
              6.667047,
              49.710528
            ],
            [
              6.66697,
              49.710609
            ],
            [
              6.666941,
              49.71064
            ],
            [
              6.666732,
              49.710856
            ],
            [
              6.666528,
              49.71101
            ],
            [
              6.665888,
              49.710724
            ],
            [
              6.665558,
              49.710724
            ],
            [
              6.665555,
              49.710838
            ],
            [
              6.665551,
              49.711006
            ],
            [
              6.665546,
              49.71119
            ],
            [
              6.665539,
              49.711509
            ],
            [
              6.665531,
              49.711829
            ],
            [
              6.665753,
              49.7118
            ],
            [
              6.665799,
              49.711901
            ],
            [
              6.665828,
              49.711966
            ],
            [
              6.665854,
              49.712024
            ],
            [
              6.665876,
              49.712074
            ],
            [
              6.665876,
              49.712125
            ],
            [
              6.665876,
              49.712225
            ],
            [
              6.665876,
              49.712266
            ],
            [
              6.665875,
              49.712305
            ],
            [
              6.665875,
              49.712388
            ],
            [
              6.665875,
              49.712484
            ],
            [
              6.665874,
              49.712571
            ],
            [
              6.665874,
              49.712694
            ],
            [
              6.665874,
              49.712737
            ],
            [
              6.665874,
              49.712783
            ],
            [
              6.665873,
              49.712835
            ],
            [
              6.665873,
              49.71287
            ],
            [
              6.664953,
              49.712971
            ],
            [
              6.664576,
              49.713012
            ],
            [
              6.663936,
              49.713103
            ],
            [
              6.663876,
              49.713112
            ],
            [
              6.663831,
              49.713118
            ],
            [
              6.663141,
              49.712966
            ],
            [
              6.662712,
              49.712757
            ],
            [
              6.662147,
              49.71225
            ],
            [
              6.661204,
              49.711404
            ],
            [
              6.659498,
              49.7118
            ],
            [
              6.659134,
              49.711607
            ],
            [
              6.658235,
              49.711758
            ],
            [
              6.657433,
              49.711893
            ],
            [
              6.657361,
              49.711902
            ],
            [
              6.657324,
              49.711907
            ],
            [
              6.657313,
              49.711908
            ],
            [
              6.657313,
              49.711916
            ],
            [
              6.657313,
              49.711918
            ],
            [
              6.657312,
              49.711974
            ],
            [
              6.657326,
              49.711982
            ],
            [
              6.657452,
              49.711975
            ],
            [
              6.657565,
              49.711951
            ],
            [
              6.657607,
              49.711917
            ],
            [
              6.657696,
              49.711938
            ],
            [
              6.657816,
              49.712037
            ],
            [
              6.65786,
              49.712124
            ],
            [
              6.657888,
              49.712133
            ],
            [
              6.657924,
              49.712137
            ],
            [
              6.657937,
              49.712136
            ],
            [
              6.657988,
              49.712118
            ],
            [
              6.65807,
              49.712144
            ],
            [
              6.658131,
              49.712198
            ],
            [
              6.658113,
              49.712291
            ],
            [
              6.658164,
              49.712313
            ],
            [
              6.658224,
              49.712419
            ],
            [
              6.658216,
              49.712495
            ],
            [
              6.658246,
              49.712688
            ],
            [
              6.658296,
              49.712799
            ],
            [
              6.65837,
              49.713027
            ],
            [
              6.658365,
              49.713077
            ],
            [
              6.658504,
              49.713323
            ],
            [
              6.658547,
              49.713429
            ],
            [
              6.658594,
              49.713482
            ],
            [
              6.658631,
              49.713527
            ],
            [
              6.658711,
              49.713623
            ],
            [
              6.658735,
              49.713727
            ],
            [
              6.658836,
              49.713819
            ],
            [
              6.658859,
              49.713874
            ],
            [
              6.658934,
              49.71408
            ],
            [
              6.658999,
              49.714124
            ],
            [
              6.658995,
              49.714217
            ],
            [
              6.659021,
              49.714284
            ],
            [
              6.659093,
              49.714366
            ],
            [
              6.659156,
              49.714528
            ],
            [
              6.659207,
              49.714568
            ],
            [
              6.659234,
              49.714612
            ],
            [
              6.659224,
              49.714693
            ],
            [
              6.659234,
              49.714815
            ],
            [
              6.659255,
              49.7149
            ],
            [
              6.659418,
              49.715053
            ],
            [
              6.659447,
              49.715114
            ],
            [
              6.65953,
              49.715187
            ],
            [
              6.659488,
              49.715238
            ],
            [
              6.659481,
              49.715276
            ],
            [
              6.659481,
              49.715302
            ],
            [
              6.659524,
              49.715416
            ],
            [
              6.659602,
              49.715549
            ],
            [
              6.659721,
              49.715623
            ],
            [
              6.659813,
              49.715697
            ],
            [
              6.659874,
              49.71584
            ],
            [
              6.659914,
              49.715869
            ],
            [
              6.659917,
              49.715915
            ],
            [
              6.660012,
              49.716038
            ],
            [
              6.66031,
              49.716129
            ],
            [
              6.660355,
              49.716165
            ],
            [
              6.660422,
              49.716219
            ],
            [
              6.660462,
              49.716275
            ],
            [
              6.660571,
              49.716387
            ],
            [
              6.66062,
              49.716489
            ],
            [
              6.660767,
              49.716571
            ],
            [
              6.660943,
              49.716664
            ],
            [
              6.660974,
              49.716775
            ],
            [
              6.661039,
              49.71684
            ],
            [
              6.661137,
              49.716879
            ],
            [
              6.661249,
              49.717015
            ],
            [
              6.661305,
              49.717061
            ],
            [
              6.661384,
              49.717083
            ],
            [
              6.661462,
              49.717195
            ],
            [
              6.661594,
              49.717302
            ],
            [
              6.661683,
              49.717323
            ],
            [
              6.661772,
              49.717396
            ],
            [
              6.661763,
              49.717478
            ],
            [
              6.661808,
              49.717527
            ],
            [
              6.661992,
              49.717645
            ],
            [
              6.66202,
              49.717702
            ],
            [
              6.662109,
              49.717745
            ],
            [
              6.662218,
              49.717759
            ],
            [
              6.662396,
              49.717903
            ],
            [
              6.662498,
              49.71802
            ],
            [
              6.662577,
              49.718092
            ],
            [
              6.662628,
              49.718103
            ],
            [
              6.662723,
              49.718129
            ],
            [
              6.662787,
              49.718141
            ],
            [
              6.662862,
              49.718206
            ],
            [
              6.66287,
              49.718258
            ],
            [
              6.663128,
              49.718422
            ],
            [
              6.663222,
              49.718459
            ],
            [
              6.663307,
              49.71851
            ],
            [
              6.663483,
              49.7186
            ],
            [
              6.66359,
              49.718767
            ],
            [
              6.66363,
              49.718806
            ],
            [
              6.663694,
              49.718834
            ],
            [
              6.663749,
              49.718874
            ],
            [
              6.663832,
              49.718905
            ],
            [
              6.66389,
              49.718959
            ],
            [
              6.663916,
              49.718987
            ],
            [
              6.663992,
              49.719072
            ],
            [
              6.664033,
              49.719105
            ],
            [
              6.664052,
              49.719119
            ],
            [
              6.664128,
              49.719165
            ],
            [
              6.664235,
              49.71923
            ],
            [
              6.664356,
              49.719298
            ],
            [
              6.664379,
              49.719341
            ],
            [
              6.664436,
              49.71938
            ],
            [
              6.664511,
              49.719405
            ],
            [
              6.664602,
              49.719456
            ],
            [
              6.664716,
              49.719535
            ],
            [
              6.66483,
              49.719575
            ],
            [
              6.664902,
              49.719631
            ],
            [
              6.665014,
              49.71969
            ],
            [
              6.665095,
              49.719755
            ],
            [
              6.665231,
              49.719833
            ],
            [
              6.665392,
              49.719911
            ],
            [
              6.665457,
              49.720011
            ],
            [
              6.665598,
              49.72008
            ],
            [
              6.66569,
              49.720105
            ],
            [
              6.66576,
              49.720136
            ],
            [
              6.665871,
              49.720165
            ],
            [
              6.666069,
              49.720223
            ],
            [
              6.666183,
              49.720275
            ],
            [
              6.666297,
              49.720308
            ],
            [
              6.666433,
              49.720361
            ],
            [
              6.666438,
              49.720365
            ],
            [
              6.666443,
              49.720377
            ],
            [
              6.666276,
              49.720485
            ],
            [
              6.666905,
              49.720862
            ],
            [
              6.666818,
              49.720891
            ],
            [
              6.666829,
              49.720954
            ],
            [
              6.666899,
              49.72098
            ],
            [
              6.667157,
              49.721205
            ],
            [
              6.667183,
              49.721213
            ],
            [
              6.667295,
              49.72121
            ],
            [
              6.667421,
              49.721293
            ],
            [
              6.667474,
              49.721407
            ],
            [
              6.667622,
              49.721464
            ],
            [
              6.667708,
              49.72151
            ],
            [
              6.667753,
              49.721549
            ],
            [
              6.667892,
              49.721656
            ],
            [
              6.668014,
              49.721746
            ],
            [
              6.668035,
              49.721887
            ],
            [
              6.66811,
              49.721904
            ],
            [
              6.668255,
              49.721955
            ],
            [
              6.668322,
              49.722043
            ],
            [
              6.668429,
              49.722129
            ],
            [
              6.668514,
              49.722179
            ],
            [
              6.668672,
              49.722216
            ],
            [
              6.668796,
              49.722253
            ],
            [
              6.668894,
              49.722319
            ],
            [
              6.668916,
              49.722343
            ],
            [
              6.669058,
              49.722421
            ],
            [
              6.66913,
              49.722478
            ],
            [
              6.669416,
              49.722602
            ],
            [
              6.669468,
              49.72272
            ],
            [
              6.669395,
              49.722783
            ],
            [
              6.66939,
              49.722796
            ],
            [
              6.669412,
              49.722877
            ],
            [
              6.669357,
              49.722929
            ],
            [
              6.66931,
              49.723056
            ],
            [
              6.669406,
              49.723212
            ],
            [
              6.669721,
              49.723555
            ],
            [
              6.669897,
              49.723661
            ],
            [
              6.669993,
              49.723752
            ],
            [
              6.670198,
              49.723965
            ],
            [
              6.670475,
              49.72416
            ],
            [
              6.670524,
              49.724206
            ],
            [
              6.670573,
              49.724252
            ],
            [
              6.670655,
              49.724374
            ],
            [
              6.670745,
              49.724457
            ],
            [
              6.670822,
              49.724623
            ],
            [
              6.67103,
              49.724883
            ],
            [
              6.671025,
              49.724951
            ],
            [
              6.671034,
              49.724973
            ],
            [
              6.671048,
              49.72498
            ],
            [
              6.671125,
              49.724971
            ],
            [
              6.671143,
              49.724979
            ],
            [
              6.671213,
              49.725078
            ],
            [
              6.671263,
              49.725141
            ],
            [
              6.671326,
              49.725216
            ],
            [
              6.671339,
              49.725227
            ],
            [
              6.671401,
              49.725245
            ],
            [
              6.671503,
              49.725297
            ],
            [
              6.671587,
              49.725327
            ],
            [
              6.671642,
              49.725346
            ],
            [
              6.671677,
              49.725382
            ],
            [
              6.67177,
              49.725437
            ],
            [
              6.671807,
              49.725571
            ],
            [
              6.671778,
              49.725695
            ],
            [
              6.671868,
              49.725866
            ],
            [
              6.671876,
              49.725995
            ],
            [
              6.671905,
              49.726092
            ],
            [
              6.671944,
              49.726198
            ],
            [
              6.672069,
              49.726361
            ],
            [
              6.672141,
              49.726457
            ],
            [
              6.672139,
              49.726643
            ],
            [
              6.672168,
              49.726753
            ],
            [
              6.672189,
              49.726836
            ],
            [
              6.672251,
              49.726944
            ],
            [
              6.672313,
              49.727053
            ],
            [
              6.672267,
              49.727194
            ],
            [
              6.672283,
              49.727333
            ],
            [
              6.672442,
              49.727653
            ],
            [
              6.672417,
              49.727704
            ],
            [
              6.672431,
              49.727782
            ],
            [
              6.672449,
              49.72778
            ],
            [
              6.672782,
              49.728121
            ],
            [
              6.673018,
              49.72822
            ],
            [
              6.67321,
              49.728456
            ],
            [
              6.673222,
              49.72847
            ],
            [
              6.6735,
              49.728563
            ],
            [
              6.673763,
              49.728869
            ],
            [
              6.673793,
              49.728888
            ],
            [
              6.673919,
              49.728966
            ],
            [
              6.673998,
              49.729015
            ],
            [
              6.674062,
              49.729061
            ],
            [
              6.674138,
              49.729116
            ],
            [
              6.67422,
              49.729177
            ],
            [
              6.67425,
              49.729199
            ],
            [
              6.674338,
              49.72928
            ],
            [
              6.674398,
              49.729335
            ],
            [
              6.67449,
              49.72942
            ],
            [
              6.674647,
              49.729564
            ],
            [
              6.674748,
              49.729657
            ],
            [
              6.674851,
              49.729722
            ],
            [
              6.675276,
              49.729987
            ],
            [
              6.67539,
              49.730782
            ],
            [
              6.675251,
              49.731392
            ],
            [
              6.675196,
              49.731635
            ],
            [
              6.674915,
              49.73201
            ],
            [
              6.674732,
              49.732124
            ],
            [
              6.674618,
              49.732194
            ],
            [
              6.674557,
              49.73223
            ],
            [
              6.67432,
              49.732471
            ],
            [
              6.674114,
              49.732676
            ],
            [
              6.673961,
              49.732836
            ],
            [
              6.673743,
              49.733126
            ],
            [
              6.673536,
              49.733373
            ],
            [
              6.67341,
              49.733447
            ],
            [
              6.673304,
              49.73353
            ],
            [
              6.67324,
              49.733658
            ],
            [
              6.673106,
              49.733805
            ],
            [
              6.672938,
              49.733875
            ],
            [
              6.672937,
              49.733999
            ],
            [
              6.672864,
              49.734098
            ],
            [
              6.672763,
              49.734273
            ],
            [
              6.672615,
              49.734527
            ],
            [
              6.672444,
              49.734657
            ],
            [
              6.672005,
              49.734989
            ],
            [
              6.671783,
              49.735113
            ],
            [
              6.671576,
              49.7353
            ],
            [
              6.671395,
              49.735466
            ],
            [
              6.671176,
              49.735655
            ],
            [
              6.671047,
              49.735768
            ],
            [
              6.670954,
              49.735851
            ],
            [
              6.670878,
              49.735921
            ],
            [
              6.670836,
              49.735959
            ],
            [
              6.670782,
              49.736008
            ],
            [
              6.670718,
              49.736066
            ],
            [
              6.670675,
              49.736104
            ],
            [
              6.670632,
              49.736141
            ],
            [
              6.670555,
              49.736206
            ],
            [
              6.670465,
              49.736283
            ],
            [
              6.670378,
              49.736358
            ],
            [
              6.67031,
              49.736416
            ],
            [
              6.670199,
              49.736511
            ],
            [
              6.670142,
              49.736559
            ]
          ]
        ]
      },
      "$schema": null,
      "$context": null
    },
    {
      "type": "Feature",
      "properties": {
        "ID1": 18,
        "ORTSBEZIRK": "Irsch",
        "ORTSBEZIR1": 45,
        "link": "https://www.trier.de/leben-in-trier/ortsbezirke/"
      },
      "bbox": [
        6.676808,
        49.708861,
        6.716286,
        49.736945
      ],
      "geometry": {
        "type": "Polygon",
        "coordinates": [
          [
            [
              6.679933,
              49.734098
            ],
            [
              6.679966,
              49.734117
            ],
            [
              6.679652,
              49.734332
            ],
            [
              6.679461,
              49.734464
            ],
            [
              6.679418,
              49.734494
            ],
            [
              6.679313,
              49.734581
            ],
            [
              6.679183,
              49.734689
            ],
            [
              6.679057,
              49.734817
            ],
            [
              6.678964,
              49.734937
            ],
            [
              6.678869,
              49.735059
            ],
            [
              6.67875,
              49.735183
            ],
            [
              6.678415,
              49.735504
            ],
            [
              6.678141,
              49.735767
            ],
            [
              6.677743,
              49.736007
            ],
            [
              6.677234,
              49.736228
            ],
            [
              6.676808,
              49.73639
            ],
            [
              6.676916,
              49.736503
            ],
            [
              6.677101,
              49.736698
            ],
            [
              6.677334,
              49.736945
            ],
            [
              6.678731,
              49.736845
            ],
            [
              6.679128,
              49.736875
            ],
            [
              6.679639,
              49.736886
            ],
            [
              6.680174,
              49.73685
            ],
            [
              6.680869,
              49.7367
            ],
            [
              6.681175,
              49.736581
            ],
            [
              6.681355,
              49.736538
            ],
            [
              6.681575,
              49.736569
            ],
            [
              6.681656,
              49.736603
            ],
            [
              6.681751,
              49.736496
            ],
            [
              6.682125,
              49.736074
            ],
            [
              6.68247,
              49.73563
            ],
            [
              6.682509,
              49.735416
            ],
            [
              6.682686,
              49.735484
            ],
            [
              6.683035,
              49.735106
            ],
            [
              6.683813,
              49.734359
            ],
            [
              6.683944,
              49.734232
            ],
            [
              6.684105,
              49.733762
            ],
            [
              6.684311,
              49.733469
            ],
            [
              6.684709,
              49.733164
            ],
            [
              6.685008,
              49.733066
            ],
            [
              6.685852,
              49.732888
            ],
            [
              6.686343,
              49.732784
            ],
            [
              6.686596,
              49.732939
            ],
            [
              6.686654,
              49.7329
            ],
            [
              6.686862,
              49.733048
            ],
            [
              6.687874,
              49.733802
            ],
            [
              6.688245,
              49.734131
            ],
            [
              6.688638,
              49.734482
            ],
            [
              6.689387,
              49.735438
            ],
            [
              6.690333,
              49.735054
            ],
            [
              6.690906,
              49.734773
            ],
            [
              6.690908,
              49.734692
            ],
            [
              6.690835,
              49.734613
            ],
            [
              6.690578,
              49.734429
            ],
            [
              6.69017,
              49.733975
            ],
            [
              6.690211,
              49.733961
            ],
            [
              6.690284,
              49.733885
            ],
            [
              6.690293,
              49.733878
            ],
            [
              6.690298,
              49.733808
            ],
            [
              6.69023,
              49.733746
            ],
            [
              6.6902,
              49.733713
            ],
            [
              6.690146,
              49.73366
            ],
            [
              6.690136,
              49.733578
            ],
            [
              6.690267,
              49.732959
            ],
            [
              6.69024,
              49.732665
            ],
            [
              6.690222,
              49.732463
            ],
            [
              6.69016,
              49.732276
            ],
            [
              6.690113,
              49.732133
            ],
            [
              6.690088,
              49.732079
            ],
            [
              6.689956,
              49.731777
            ],
            [
              6.68995,
              49.731643
            ],
            [
              6.690041,
              49.73157
            ],
            [
              6.690071,
              49.731545
            ],
            [
              6.690374,
              49.731528
            ],
            [
              6.690595,
              49.731515
            ],
            [
              6.690735,
              49.731505
            ],
            [
              6.691555,
              49.731383
            ],
            [
              6.691626,
              49.731372
            ],
            [
              6.691769,
              49.731365
            ],
            [
              6.69175,
              49.731401
            ],
            [
              6.691957,
              49.731526
            ],
            [
              6.693496,
              49.732312
            ],
            [
              6.694132,
              49.732067
            ],
            [
              6.694202,
              49.732083
            ],
            [
              6.694312,
              49.732094
            ],
            [
              6.694387,
              49.732071
            ],
            [
              6.694379,
              49.731948
            ],
            [
              6.694923,
              49.731825
            ],
            [
              6.695577,
              49.731675
            ],
            [
              6.6958,
              49.731571
            ],
            [
              6.696205,
              49.731325
            ],
            [
              6.696774,
              49.730984
            ],
            [
              6.697151,
              49.730714
            ],
            [
              6.696919,
              49.730713
            ],
            [
              6.696592,
              49.730724
            ],
            [
              6.696459,
              49.730727
            ],
            [
              6.6963,
              49.730705
            ],
            [
              6.696245,
              49.730621
            ],
            [
              6.69652,
              49.730585
            ],
            [
              6.696828,
              49.730525
            ],
            [
              6.697227,
              49.730418
            ],
            [
              6.698909,
              49.729939
            ],
            [
              6.700077,
              49.729607
            ],
            [
              6.700946,
              49.72937
            ],
            [
              6.701188,
              49.729325
            ],
            [
              6.701433,
              49.729292
            ],
            [
              6.701717,
              49.729289
            ],
            [
              6.701964,
              49.729297
            ],
            [
              6.702205,
              49.729322
            ],
            [
              6.70234,
              49.729341
            ],
            [
              6.70254,
              49.729397
            ],
            [
              6.702691,
              49.729449
            ],
            [
              6.702821,
              49.729503
            ],
            [
              6.702997,
              49.729586
            ],
            [
              6.703186,
              49.729698
            ],
            [
              6.703337,
              49.72981
            ],
            [
              6.703459,
              49.729916
            ],
            [
              6.70364,
              49.730148
            ],
            [
              6.703816,
              49.730438
            ],
            [
              6.704141,
              49.73102
            ],
            [
              6.704377,
              49.731446
            ],
            [
              6.704435,
              49.73157
            ],
            [
              6.704501,
              49.73175
            ],
            [
              6.704544,
              49.731914
            ],
            [
              6.704588,
              49.732149
            ],
            [
              6.70459,
              49.732326
            ],
            [
              6.704581,
              49.732502
            ],
            [
              6.704537,
              49.732829
            ],
            [
              6.704515,
              49.733005
            ],
            [
              6.705271,
              49.73292
            ],
            [
              6.706573,
              49.733609
            ],
            [
              6.707377,
              49.733474
            ],
            [
              6.707979,
              49.733785
            ],
            [
              6.708671,
              49.733555
            ],
            [
              6.709429,
              49.733254
            ],
            [
              6.710061,
              49.732978
            ],
            [
              6.710603,
              49.732699
            ],
            [
              6.711091,
              49.732409
            ],
            [
              6.711475,
              49.732522
            ],
            [
              6.711881,
              49.732651
            ],
            [
              6.71262,
              49.732713
            ],
            [
              6.713607,
              49.732898
            ],
            [
              6.714258,
              49.732968
            ],
            [
              6.714446,
              49.732988
            ],
            [
              6.71445,
              49.73301
            ],
            [
              6.714587,
              49.733026
            ],
            [
              6.714659,
              49.733029
            ],
            [
              6.714651,
              49.732988
            ],
            [
              6.714574,
              49.732942
            ],
            [
              6.714416,
              49.73201
            ],
            [
              6.714408,
              49.731965
            ],
            [
              6.714382,
              49.731887
            ],
            [
              6.714254,
              49.73149
            ],
            [
              6.714087,
              49.730974
            ],
            [
              6.714013,
              49.73075
            ],
            [
              6.713953,
              49.730569
            ],
            [
              6.713942,
              49.730525
            ],
            [
              6.713906,
              49.730447
            ],
            [
              6.713749,
              49.730104
            ],
            [
              6.713558,
              49.729688
            ],
            [
              6.713604,
              49.729631
            ],
            [
              6.714353,
              49.729468
            ],
            [
              6.714491,
              49.729438
            ],
            [
              6.714879,
              49.729354
            ],
            [
              6.715053,
              49.729316
            ],
            [
              6.71514,
              49.729346
            ],
            [
              6.715084,
              49.729224
            ],
            [
              6.714936,
              49.728899
            ],
            [
              6.714752,
              49.728492
            ],
            [
              6.714827,
              49.728471
            ],
            [
              6.714872,
              49.728412
            ],
            [
              6.714881,
              49.72841
            ],
            [
              6.715119,
              49.728353
            ],
            [
              6.715361,
              49.728294
            ],
            [
              6.715389,
              49.728287
            ],
            [
              6.715739,
              49.728202
            ],
            [
              6.715876,
              49.728168
            ],
            [
              6.716155,
              49.7281
            ],
            [
              6.716188,
              49.72811
            ],
            [
              6.71624,
              49.728126
            ],
            [
              6.716286,
              49.728067
            ],
            [
              6.716121,
              49.727731
            ],
            [
              6.715741,
              49.727346
            ],
            [
              6.715693,
              49.727297
            ],
            [
              6.715641,
              49.727244
            ],
            [
              6.715479,
              49.727114
            ],
            [
              6.715063,
              49.72678
            ],
            [
              6.714756,
              49.726534
            ],
            [
              6.714736,
              49.726519
            ],
            [
              6.713627,
              49.72566
            ],
            [
              6.71362,
              49.725655
            ],
            [
              6.713613,
              49.725649
            ],
            [
              6.713599,
              49.725639
            ],
            [
              6.713589,
              49.725631
            ],
            [
              6.713349,
              49.725445
            ],
            [
              6.713067,
              49.725227
            ],
            [
              6.712237,
              49.724587
            ],
            [
              6.712123,
              49.7245
            ],
            [
              6.711922,
              49.724343
            ],
            [
              6.711885,
              49.724316
            ],
            [
              6.711838,
              49.724281
            ],
            [
              6.711806,
              49.724256
            ],
            [
              6.711695,
              49.724172
            ],
            [
              6.711633,
              49.724124
            ],
            [
              6.711534,
              49.724047
            ],
            [
              6.711448,
              49.723982
            ],
            [
              6.711215,
              49.723804
            ],
            [
              6.710777,
              49.72347
            ],
            [
              6.710757,
              49.723447
            ],
            [
              6.710746,
              49.723431
            ],
            [
              6.71073,
              49.723406
            ],
            [
              6.710705,
              49.723373
            ],
            [
              6.710678,
              49.723337
            ],
            [
              6.710504,
              49.723107
            ],
            [
              6.71041,
              49.722984
            ],
            [
              6.710374,
              49.722936
            ],
            [
              6.710176,
              49.722667
            ],
            [
              6.710168,
              49.722657
            ],
            [
              6.710055,
              49.722505
            ],
            [
              6.710014,
              49.722449
            ],
            [
              6.710005,
              49.722437
            ],
            [
              6.70997,
              49.722389
            ],
            [
              6.709958,
              49.722374
            ],
            [
              6.709881,
              49.72227
            ],
            [
              6.709836,
              49.72221
            ],
            [
              6.709835,
              49.722208
            ],
            [
              6.709738,
              49.722077
            ],
            [
              6.709656,
              49.721966
            ],
            [
              6.709574,
              49.721857
            ],
            [
              6.709544,
              49.721815
            ],
            [
              6.709469,
              49.721715
            ],
            [
              6.709316,
              49.721509
            ],
            [
              6.709481,
              49.72146
            ],
            [
              6.709825,
              49.721357
            ],
            [
              6.710398,
              49.721185
            ],
            [
              6.710866,
              49.721035
            ],
            [
              6.710884,
              49.721026
            ],
            [
              6.711244,
              49.720848
            ],
            [
              6.712347,
              49.720302
            ],
            [
              6.712348,
              49.720252
            ],
            [
              6.712352,
              49.720029
            ],
            [
              6.712369,
              49.719089
            ],
            [
              6.712832,
              49.71905
            ],
            [
              6.712892,
              49.719045
            ],
            [
              6.713031,
              49.719033
            ],
            [
              6.713099,
              49.719027
            ],
            [
              6.713113,
              49.719026
            ],
            [
              6.713118,
              49.719025
            ],
            [
              6.713219,
              49.719017
            ],
            [
              6.713223,
              49.71898
            ],
            [
              6.713245,
              49.718729
            ],
            [
              6.713249,
              49.71869
            ],
            [
              6.713273,
              49.718419
            ],
            [
              6.713312,
              49.717992
            ],
            [
              6.713361,
              49.717436
            ],
            [
              6.713369,
              49.717348
            ],
            [
              6.71338,
              49.717223
            ],
            [
              6.713383,
              49.717185
            ],
            [
              6.713203,
              49.717225
            ],
            [
              6.712075,
              49.717477
            ],
            [
              6.711764,
              49.717554
            ],
            [
              6.711708,
              49.717568
            ],
            [
              6.710861,
              49.717779
            ],
            [
              6.709938,
              49.718014
            ],
            [
              6.709885,
              49.718026
            ],
            [
              6.709831,
              49.718039
            ],
            [
              6.709016,
              49.718227
            ],
            [
              6.708506,
              49.718348
            ],
            [
              6.708066,
              49.718456
            ],
            [
              6.707183,
              49.718744
            ],
            [
              6.707133,
              49.718761
            ],
            [
              6.706908,
              49.718834
            ],
            [
              6.706826,
              49.718861
            ],
            [
              6.706637,
              49.718922
            ],
            [
              6.706458,
              49.718982
            ],
            [
              6.706388,
              49.719005
            ],
            [
              6.706211,
              49.719064
            ],
            [
              6.705826,
              49.719193
            ],
            [
              6.705609,
              49.719266
            ],
            [
              6.705302,
              49.719367
            ],
            [
              6.705279,
              49.719347
            ],
            [
              6.705262,
              49.719331
            ],
            [
              6.704604,
              49.718739
            ],
            [
              6.704478,
              49.718627
            ],
            [
              6.704308,
              49.718473
            ],
            [
              6.704258,
              49.718427
            ],
            [
              6.70406,
              49.71825
            ],
            [
              6.703929,
              49.718132
            ],
            [
              6.703872,
              49.71808
            ],
            [
              6.703859,
              49.718069
            ],
            [
              6.703755,
              49.717975
            ],
            [
              6.703438,
              49.717689
            ],
            [
              6.703337,
              49.717598
            ],
            [
              6.703106,
              49.717391
            ],
            [
              6.702609,
              49.716696
            ],
            [
              6.702586,
              49.716663
            ],
            [
              6.702297,
              49.716261
            ],
            [
              6.70165,
              49.715358
            ],
            [
              6.701627,
              49.715326
            ],
            [
              6.701609,
              49.7153
            ],
            [
              6.701574,
              49.715266
            ],
            [
              6.701208,
              49.714907
            ],
            [
              6.700802,
              49.714507
            ],
            [
              6.700752,
              49.714458
            ],
            [
              6.700696,
              49.714403
            ],
            [
              6.700429,
              49.714154
            ],
            [
              6.700287,
              49.714021
            ],
            [
              6.699949,
              49.713704
            ],
            [
              6.699685,
              49.713456
            ],
            [
              6.699442,
              49.713229
            ],
            [
              6.699435,
              49.713222
            ],
            [
              6.69914,
              49.71295
            ],
            [
              6.698742,
              49.712584
            ],
            [
              6.698345,
              49.712218
            ],
            [
              6.69797,
              49.711872
            ],
            [
              6.698277,
              49.711642
            ],
            [
              6.698614,
              49.711462
            ],
            [
              6.698577,
              49.711435
            ],
            [
              6.698552,
              49.711417
            ],
            [
              6.697748,
              49.710827
            ],
            [
              6.697564,
              49.710693
            ],
            [
              6.697423,
              49.710589
            ],
            [
              6.697244,
              49.710458
            ],
            [
              6.697154,
              49.710392
            ],
            [
              6.696842,
              49.710119
            ],
            [
              6.696616,
              49.709922
            ],
            [
              6.696496,
              49.709817
            ],
            [
              6.696479,
              49.709802
            ],
            [
              6.696448,
              49.709774
            ],
            [
              6.696302,
              49.709814
            ],
            [
              6.696233,
              49.709833
            ],
            [
              6.695744,
              49.709967
            ],
            [
              6.694721,
              49.710248
            ],
            [
              6.694551,
              49.710289
            ],
            [
              6.693514,
              49.710537
            ],
            [
              6.69327,
              49.710595
            ],
            [
              6.692761,
              49.710721
            ],
            [
              6.692555,
              49.710771
            ],
            [
              6.69252,
              49.71078
            ],
            [
              6.692028,
              49.710898
            ],
            [
              6.691992,
              49.710764
            ],
            [
              6.691984,
              49.710734
            ],
            [
              6.692015,
              49.710553
            ],
            [
              6.69195,
              49.710542
            ],
            [
              6.6919,
              49.710533
            ],
            [
              6.690902,
              49.710449
            ],
            [
              6.689875,
              49.710362
            ],
            [
              6.689833,
              49.710358
            ],
            [
              6.68975,
              49.710351
            ],
            [
              6.689816,
              49.710443
            ],
            [
              6.689834,
              49.710462
            ],
            [
              6.689889,
              49.710525
            ],
            [
              6.689982,
              49.710629
            ],
            [
              6.69007,
              49.710742
            ],
            [
              6.69025,
              49.710952
            ],
            [
              6.690436,
              49.711175
            ],
            [
              6.690591,
              49.71136
            ],
            [
              6.690618,
              49.711392
            ],
            [
              6.690632,
              49.711409
            ],
            [
              6.690663,
              49.711446
            ],
            [
              6.690828,
              49.71164
            ],
            [
              6.690929,
              49.711765
            ],
            [
              6.691078,
              49.711944
            ],
            [
              6.691208,
              49.712103
            ],
            [
              6.691419,
              49.712352
            ],
            [
              6.691449,
              49.712388
            ],
            [
              6.691423,
              49.712435
            ],
            [
              6.691109,
              49.712987
            ],
            [
              6.691086,
              49.713027
            ],
            [
              6.690578,
              49.713273
            ],
            [
              6.690473,
              49.713324
            ],
            [
              6.690377,
              49.71337
            ],
            [
              6.690285,
              49.713414
            ],
            [
              6.690256,
              49.713428
            ],
            [
              6.690194,
              49.713458
            ],
            [
              6.68993,
              49.713585
            ],
            [
              6.689908,
              49.713596
            ],
            [
              6.689693,
              49.7137
            ],
            [
              6.689648,
              49.713721
            ],
            [
              6.689632,
              49.71365
            ],
            [
              6.689584,
              49.713492
            ],
            [
              6.689467,
              49.713072
            ],
            [
              6.689339,
              49.712603
            ],
            [
              6.689337,
              49.712594
            ],
            [
              6.689326,
              49.712554
            ],
            [
              6.689369,
              49.712526
            ],
            [
              6.689556,
              49.712408
            ],
            [
              6.689686,
              49.712326
            ],
            [
              6.689619,
              49.712227
            ],
            [
              6.689577,
              49.712167
            ],
            [
              6.689552,
              49.71213
            ],
            [
              6.689494,
              49.712046
            ],
            [
              6.689416,
              49.711933
            ],
            [
              6.68934,
              49.711822
            ],
            [
              6.689315,
              49.711785
            ],
            [
              6.689293,
              49.711754
            ],
            [
              6.689144,
              49.711464
            ],
            [
              6.689073,
              49.711326
            ],
            [
              6.689019,
              49.711221
            ],
            [
              6.688958,
              49.711102
            ],
            [
              6.68889,
              49.71097
            ],
            [
              6.688761,
              49.710718
            ],
            [
              6.688736,
              49.71067
            ],
            [
              6.68871,
              49.71062
            ],
            [
              6.688686,
              49.710573
            ],
            [
              6.688627,
              49.710458
            ],
            [
              6.688577,
              49.710361
            ],
            [
              6.68851,
              49.71023
            ],
            [
              6.688466,
              49.710145
            ],
            [
              6.688439,
              49.710092
            ],
            [
              6.688349,
              49.709893
            ],
            [
              6.688343,
              49.709867
            ],
            [
              6.688345,
              49.709819
            ],
            [
              6.688364,
              49.709003
            ],
            [
              6.688165,
              49.708961
            ],
            [
              6.687888,
              49.708903
            ],
            [
              6.687781,
              49.708878
            ],
            [
              6.687712,
              49.708861
            ],
            [
              6.687506,
              49.708875
            ],
            [
              6.687271,
              49.708881
            ],
            [
              6.687196,
              49.70889
            ],
            [
              6.686929,
              49.708921
            ],
            [
              6.686924,
              49.708938
            ],
            [
              6.686907,
              49.709001
            ],
            [
              6.686861,
              49.709035
            ],
            [
              6.686775,
              49.709098
            ],
            [
              6.686718,
              49.70914
            ],
            [
              6.686648,
              49.709191
            ],
            [
              6.686555,
              49.709244
            ],
            [
              6.686448,
              49.709306
            ],
            [
              6.68642,
              49.709334
            ],
            [
              6.686349,
              49.709405
            ],
            [
              6.686336,
              49.709419
            ],
            [
              6.686273,
              49.709434
            ],
            [
              6.686184,
              49.709456
            ],
            [
              6.686144,
              49.709465
            ],
            [
              6.686082,
              49.709505
            ],
            [
              6.685835,
              49.709662
            ],
            [
              6.685764,
              49.709708
            ],
            [
              6.685765,
              49.709791
            ],
            [
              6.685624,
              49.709855
            ],
            [
              6.685581,
              49.709847
            ],
            [
              6.685419,
              49.709819
            ],
            [
              6.685371,
              49.709877
            ],
            [
              6.685327,
              49.70991
            ],
            [
              6.68528,
              49.709945
            ],
            [
              6.685264,
              49.709956
            ],
            [
              6.68524,
              49.70999
            ],
            [
              6.685214,
              49.710025
            ],
            [
              6.685161,
              49.710098
            ],
            [
              6.685086,
              49.71008
            ],
            [
              6.68508,
              49.710099
            ],
            [
              6.685043,
              49.710199
            ],
            [
              6.684975,
              49.710168
            ],
            [
              6.684917,
              49.710141
            ],
            [
              6.68484,
              49.710149
            ],
            [
              6.684761,
              49.710158
            ],
            [
              6.68465,
              49.71017
            ],
            [
              6.684531,
              49.710184
            ],
            [
              6.68442,
              49.710151
            ],
            [
              6.684124,
              49.71007
            ],
            [
              6.683954,
              49.71031
            ],
            [
              6.68396,
              49.710315
            ],
            [
              6.683966,
              49.710321
            ],
            [
              6.684267,
              49.710603
            ],
            [
              6.684407,
              49.710726
            ],
            [
              6.685163,
              49.711704
            ],
            [
              6.685455,
              49.711655
            ],
            [
              6.685745,
              49.712056
            ],
            [
              6.68587,
              49.71227
            ],
            [
              6.686147,
              49.712732
            ],
            [
              6.686207,
              49.712944
            ],
            [
              6.686303,
              49.713184
            ],
            [
              6.686359,
              49.713452
            ],
            [
              6.686455,
              49.714167
            ],
            [
              6.68632,
              49.714857
            ],
            [
              6.686061,
              49.71546
            ],
            [
              6.685935,
              49.715716
            ],
            [
              6.685931,
              49.715739
            ],
            [
              6.685919,
              49.715773
            ],
            [
              6.685926,
              49.715798
            ],
            [
              6.685922,
              49.715827
            ],
            [
              6.685906,
              49.715848
            ],
            [
              6.685884,
              49.715865
            ],
            [
              6.685871,
              49.715891
            ],
            [
              6.685857,
              49.715927
            ],
            [
              6.685841,
              49.715955
            ],
            [
              6.685819,
              49.71598
            ],
            [
              6.685714,
              49.716242
            ],
            [
              6.685722,
              49.716265
            ],
            [
              6.685721,
              49.716285
            ],
            [
              6.685709,
              49.716324
            ],
            [
              6.685667,
              49.716361
            ],
            [
              6.685584,
              49.716561
            ],
            [
              6.685579,
              49.716742
            ],
            [
              6.685576,
              49.716806
            ],
            [
              6.685611,
              49.717233
            ],
            [
              6.685746,
              49.717771
            ],
            [
              6.685804,
              49.718002
            ],
            [
              6.685855,
              49.718209
            ],
            [
              6.685907,
              49.718416
            ],
            [
              6.685983,
              49.718673
            ],
            [
              6.686249,
              49.71939
            ],
            [
              6.686304,
              49.71967
            ],
            [
              6.686491,
              49.7207
            ],
            [
              6.68653,
              49.720909
            ],
            [
              6.686495,
              49.721296
            ],
            [
              6.686482,
              49.721452
            ],
            [
              6.686459,
              49.721712
            ],
            [
              6.687433,
              49.722562
            ],
            [
              6.687511,
              49.72302
            ],
            [
              6.687891,
              49.723487
            ],
            [
              6.688182,
              49.72385
            ],
            [
              6.688373,
              49.724087
            ],
            [
              6.688542,
              49.724431
            ],
            [
              6.688579,
              49.724507
            ],
            [
              6.688623,
              49.724598
            ],
            [
              6.68867,
              49.724696
            ],
            [
              6.688712,
              49.724783
            ],
            [
              6.688758,
              49.724879
            ],
            [
              6.688753,
              49.724917
            ],
            [
              6.688746,
              49.724974
            ],
            [
              6.688741,
              49.725021
            ],
            [
              6.688658,
              49.725072
            ],
            [
              6.688579,
              49.725131
            ],
            [
              6.688577,
              49.725165
            ],
            [
              6.688656,
              49.725302
            ],
            [
              6.688683,
              49.725392
            ],
            [
              6.688683,
              49.725422
            ],
            [
              6.688662,
              49.725478
            ],
            [
              6.688651,
              49.725534
            ],
            [
              6.688615,
              49.725727
            ],
            [
              6.688617,
              49.725783
            ],
            [
              6.688605,
              49.725826
            ],
            [
              6.688613,
              49.725888
            ],
            [
              6.688602,
              49.725945
            ],
            [
              6.688583,
              49.726044
            ],
            [
              6.688579,
              49.726153
            ],
            [
              6.688576,
              49.726237
            ],
            [
              6.688538,
              49.726389
            ],
            [
              6.688543,
              49.726426
            ],
            [
              6.688537,
              49.726482
            ],
            [
              6.688546,
              49.726516
            ],
            [
              6.688541,
              49.726539
            ],
            [
              6.688537,
              49.726561
            ],
            [
              6.688546,
              49.726582
            ],
            [
              6.688529,
              49.726673
            ],
            [
              6.688535,
              49.726769
            ],
            [
              6.688523,
              49.726812
            ],
            [
              6.688472,
              49.726896
            ],
            [
              6.688331,
              49.726968
            ],
            [
              6.688189,
              49.727123
            ],
            [
              6.688159,
              49.727193
            ],
            [
              6.688138,
              49.727257
            ],
            [
              6.688162,
              49.727354
            ],
            [
              6.688165,
              49.727406
            ],
            [
              6.688169,
              49.727506
            ],
            [
              6.688164,
              49.727614
            ],
            [
              6.688171,
              49.727652
            ],
            [
              6.688185,
              49.727707
            ],
            [
              6.688189,
              49.727759
            ],
            [
              6.688133,
              49.727959
            ],
            [
              6.688008,
              49.728191
            ],
            [
              6.68784,
              49.728404
            ],
            [
              6.687793,
              49.728488
            ],
            [
              6.687694,
              49.728568
            ],
            [
              6.687662,
              49.728649
            ],
            [
              6.687557,
              49.728615
            ],
            [
              6.687497,
              49.728649
            ],
            [
              6.686891,
              49.728416
            ],
            [
              6.686878,
              49.728468
            ],
            [
              6.686865,
              49.728519
            ],
            [
              6.68667,
              49.728921
            ],
            [
              6.686444,
              49.729361
            ],
            [
              6.686305,
              49.729585
            ],
            [
              6.685885,
              49.729929
            ],
            [
              6.685841,
              49.730142
            ],
            [
              6.685716,
              49.730537
            ],
            [
              6.685601,
              49.73096
            ],
            [
              6.685514,
              49.731048
            ],
            [
              6.685147,
              49.731201
            ],
            [
              6.684842,
              49.731297
            ],
            [
              6.684406,
              49.731418
            ],
            [
              6.684241,
              49.731452
            ],
            [
              6.684057,
              49.731484
            ],
            [
              6.683686,
              49.731545
            ],
            [
              6.683309,
              49.731632
            ],
            [
              6.682995,
              49.731729
            ],
            [
              6.682681,
              49.731825
            ],
            [
              6.682182,
              49.732023
            ],
            [
              6.681854,
              49.732236
            ],
            [
              6.68179,
              49.73231
            ],
            [
              6.681586,
              49.732272
            ],
            [
              6.681418,
              49.7325
            ],
            [
              6.681127,
              49.732894
            ],
            [
              6.680929,
              49.733098
            ],
            [
              6.680699,
              49.733317
            ],
            [
              6.680711,
              49.733321
            ],
            [
              6.680179,
              49.733818
            ],
            [
              6.680141,
              49.733899
            ],
            [
              6.680007,
              49.734047
            ],
            [
              6.679933,
              49.734098
            ]
          ]
        ]
      },
      "$schema": null,
      "$context": null
    },
    {
      "type": "Feature",
      "properties": {
        "ID1": 19,
        "ORTSBEZIRK": "Feyen/Weismark",
        "ORTSBEZIR1": 51,
        "link": "https://www.trier.de/leben-in-trier/ortsbezirke/"
      },
      "bbox": [
        6.610253,
        49.698863,
        6.648843,
        49.738021
      ],
      "geometry": {
        "type": "Polygon",
        "coordinates": [
          [
            [
              6.615792,
              49.698863
            ],
            [
              6.615176,
              49.699163
            ],
            [
              6.614146,
              49.699178
            ],
            [
              6.613382,
              49.699246
            ],
            [
              6.612892,
              49.699556
            ],
            [
              6.614541,
              49.70051
            ],
            [
              6.616042,
              49.701727
            ],
            [
              6.616114,
              49.701801
            ],
            [
              6.615805,
              49.701812
            ],
            [
              6.615347,
              49.701606
            ],
            [
              6.614622,
              49.701369
            ],
            [
              6.614504,
              49.701468
            ],
            [
              6.614094,
              49.701529
            ],
            [
              6.613402,
              49.701193
            ],
            [
              6.612451,
              49.700794
            ],
            [
              6.61238,
              49.70086
            ],
            [
              6.612303,
              49.70093
            ],
            [
              6.612227,
              49.701
            ],
            [
              6.612182,
              49.701041
            ],
            [
              6.612148,
              49.701068
            ],
            [
              6.612084,
              49.701125
            ],
            [
              6.611542,
              49.701601
            ],
            [
              6.611468,
              49.701666
            ],
            [
              6.611434,
              49.701697
            ],
            [
              6.611373,
              49.70175
            ],
            [
              6.611431,
              49.701781
            ],
            [
              6.61159,
              49.701867
            ],
            [
              6.612013,
              49.702097
            ],
            [
              6.612569,
              49.702398
            ],
            [
              6.612623,
              49.702427
            ],
            [
              6.612676,
              49.702456
            ],
            [
              6.612924,
              49.702591
            ],
            [
              6.613045,
              49.702656
            ],
            [
              6.613839,
              49.703087
            ],
            [
              6.613897,
              49.703117
            ],
            [
              6.61386,
              49.703149
            ],
            [
              6.613817,
              49.703186
            ],
            [
              6.61375,
              49.703245
            ],
            [
              6.613724,
              49.703267
            ],
            [
              6.613702,
              49.703287
            ],
            [
              6.613656,
              49.703327
            ],
            [
              6.613603,
              49.703374
            ],
            [
              6.613555,
              49.703416
            ],
            [
              6.613545,
              49.703424
            ],
            [
              6.613495,
              49.703468
            ],
            [
              6.613404,
              49.703548
            ],
            [
              6.613362,
              49.703584
            ],
            [
              6.613355,
              49.70359
            ],
            [
              6.613305,
              49.703634
            ],
            [
              6.613254,
              49.703679
            ],
            [
              6.613202,
              49.703725
            ],
            [
              6.613148,
              49.703771
            ],
            [
              6.613109,
              49.703806
            ],
            [
              6.613095,
              49.703818
            ],
            [
              6.613041,
              49.703866
            ],
            [
              6.612987,
              49.703912
            ],
            [
              6.612936,
              49.703957
            ],
            [
              6.612883,
              49.704003
            ],
            [
              6.612833,
              49.704047
            ],
            [
              6.612815,
              49.704063
            ],
            [
              6.612781,
              49.704093
            ],
            [
              6.612871,
              49.704134
            ],
            [
              6.613389,
              49.704373
            ],
            [
              6.613486,
              49.704417
            ],
            [
              6.613578,
              49.70446
            ],
            [
              6.613665,
              49.7045
            ],
            [
              6.613761,
              49.704544
            ],
            [
              6.613831,
              49.704576
            ],
            [
              6.613857,
              49.704588
            ],
            [
              6.613943,
              49.704628
            ],
            [
              6.614035,
              49.70467
            ],
            [
              6.614125,
              49.704712
            ],
            [
              6.614211,
              49.704751
            ],
            [
              6.61431,
              49.704797
            ],
            [
              6.614396,
              49.704836
            ],
            [
              6.614478,
              49.704874
            ],
            [
              6.614578,
              49.70492
            ],
            [
              6.614687,
              49.704968
            ],
            [
              6.614776,
              49.705006
            ],
            [
              6.614957,
              49.705084
            ],
            [
              6.615003,
              49.705104
            ],
            [
              6.61507,
              49.705134
            ],
            [
              6.615164,
              49.705174
            ],
            [
              6.614806,
              49.705378
            ],
            [
              6.614117,
              49.705766
            ],
            [
              6.61405,
              49.705803
            ],
            [
              6.614025,
              49.705817
            ],
            [
              6.613957,
              49.705855
            ],
            [
              6.613565,
              49.706076
            ],
            [
              6.613219,
              49.70627
            ],
            [
              6.612484,
              49.706683
            ],
            [
              6.611984,
              49.706964
            ],
            [
              6.611866,
              49.707031
            ],
            [
              6.611854,
              49.707037
            ],
            [
              6.61183,
              49.70706
            ],
            [
              6.61179,
              49.707098
            ],
            [
              6.611739,
              49.707148
            ],
            [
              6.611336,
              49.707533
            ],
            [
              6.611299,
              49.707568
            ],
            [
              6.611149,
              49.707711
            ],
            [
              6.611009,
              49.707845
            ],
            [
              6.610949,
              49.707903
            ],
            [
              6.610917,
              49.707933
            ],
            [
              6.610858,
              49.70799
            ],
            [
              6.610734,
              49.708108
            ],
            [
              6.610615,
              49.708222
            ],
            [
              6.610428,
              49.708402
            ],
            [
              6.610414,
              49.708444
            ],
            [
              6.610382,
              49.70855
            ],
            [
              6.610346,
              49.708666
            ],
            [
              6.610338,
              49.708691
            ],
            [
              6.610322,
              49.708744
            ],
            [
              6.610272,
              49.708905
            ],
            [
              6.610264,
              49.708931
            ],
            [
              6.610253,
              49.708966
            ],
            [
              6.610268,
              49.708987
            ],
            [
              6.6106,
              49.709471
            ],
            [
              6.610716,
              49.70964
            ],
            [
              6.610825,
              49.709798
            ],
            [
              6.610908,
              49.709948
            ],
            [
              6.610947,
              49.710019
            ],
            [
              6.611066,
              49.710233
            ],
            [
              6.611125,
              49.710339
            ],
            [
              6.611169,
              49.710419
            ],
            [
              6.611646,
              49.71113
            ],
            [
              6.611951,
              49.711584
            ],
            [
              6.61212,
              49.711866
            ],
            [
              6.612366,
              49.712281
            ],
            [
              6.612823,
              49.713053
            ],
            [
              6.613117,
              49.713548
            ],
            [
              6.613251,
              49.71376
            ],
            [
              6.613332,
              49.713915
            ],
            [
              6.613478,
              49.714192
            ],
            [
              6.613706,
              49.714535
            ],
            [
              6.613774,
              49.714688
            ],
            [
              6.614066,
              49.714998
            ],
            [
              6.614117,
              49.715052
            ],
            [
              6.614523,
              49.715461
            ],
            [
              6.614551,
              49.715492
            ],
            [
              6.614678,
              49.715696
            ],
            [
              6.614844,
              49.715963
            ],
            [
              6.614892,
              49.716031
            ],
            [
              6.615052,
              49.716286
            ],
            [
              6.615182,
              49.716495
            ],
            [
              6.615242,
              49.716584
            ],
            [
              6.615445,
              49.716895
            ],
            [
              6.615658,
              49.717221
            ],
            [
              6.615861,
              49.717569
            ],
            [
              6.615966,
              49.717758
            ],
            [
              6.6161,
              49.717956
            ],
            [
              6.616372,
              49.718389
            ],
            [
              6.61638,
              49.718402
            ],
            [
              6.61674,
              49.718882
            ],
            [
              6.616776,
              49.71893
            ],
            [
              6.616788,
              49.718946
            ],
            [
              6.616835,
              49.71901
            ],
            [
              6.616837,
              49.719012
            ],
            [
              6.616875,
              49.719064
            ],
            [
              6.616884,
              49.719076
            ],
            [
              6.616927,
              49.719133
            ],
            [
              6.617,
              49.719232
            ],
            [
              6.617053,
              49.719303
            ],
            [
              6.617087,
              49.719349
            ],
            [
              6.617147,
              49.719429
            ],
            [
              6.617151,
              49.719435
            ],
            [
              6.617242,
              49.719556
            ],
            [
              6.617252,
              49.719572
            ],
            [
              6.617315,
              49.719667
            ],
            [
              6.617381,
              49.719765
            ],
            [
              6.617431,
              49.719842
            ],
            [
              6.617451,
              49.719871
            ],
            [
              6.617378,
              49.719941
            ],
            [
              6.617544,
              49.72008
            ],
            [
              6.617622,
              49.720145
            ],
            [
              6.617666,
              49.720182
            ],
            [
              6.617699,
              49.720209
            ],
            [
              6.617779,
              49.720276
            ],
            [
              6.61787,
              49.720352
            ],
            [
              6.617949,
              49.720418
            ],
            [
              6.618003,
              49.720465
            ],
            [
              6.618613,
              49.720976
            ],
            [
              6.618624,
              49.720986
            ],
            [
              6.618657,
              49.721013
            ],
            [
              6.618971,
              49.721269
            ],
            [
              6.619325,
              49.721559
            ],
            [
              6.619335,
              49.721567
            ],
            [
              6.619626,
              49.72186
            ],
            [
              6.619668,
              49.721902
            ],
            [
              6.619716,
              49.721951
            ],
            [
              6.619953,
              49.722189
            ],
            [
              6.619989,
              49.722189
            ],
            [
              6.620036,
              49.722197
            ],
            [
              6.620029,
              49.722394
            ],
            [
              6.620029,
              49.722395
            ],
            [
              6.620068,
              49.722494
            ],
            [
              6.620034,
              49.722518
            ],
            [
              6.62003,
              49.722563
            ],
            [
              6.620022,
              49.722563
            ],
            [
              6.619919,
              49.722566
            ],
            [
              6.619923,
              49.722605
            ],
            [
              6.619935,
              49.722711
            ],
            [
              6.619881,
              49.72285
            ],
            [
              6.619958,
              49.722883
            ],
            [
              6.620036,
              49.722928
            ],
            [
              6.620231,
              49.723061
            ],
            [
              6.62024,
              49.723066
            ],
            [
              6.620255,
              49.723076
            ],
            [
              6.620271,
              49.723065
            ],
            [
              6.620281,
              49.723072
            ],
            [
              6.620266,
              49.723083
            ],
            [
              6.620201,
              49.723135
            ],
            [
              6.620166,
              49.723163
            ],
            [
              6.620147,
              49.723178
            ],
            [
              6.620102,
              49.723194
            ],
            [
              6.620177,
              49.723249
            ],
            [
              6.620829,
              49.723721
            ],
            [
              6.621526,
              49.724225
            ],
            [
              6.622912,
              49.725313
            ],
            [
              6.624222,
              49.726514
            ],
            [
              6.62541,
              49.727703
            ],
            [
              6.626581,
              49.728901
            ],
            [
              6.626903,
              49.729199
            ],
            [
              6.62715,
              49.729411
            ],
            [
              6.627406,
              49.72962
            ],
            [
              6.627656,
              49.729815
            ],
            [
              6.627923,
              49.730015
            ],
            [
              6.628294,
              49.730293
            ],
            [
              6.628943,
              49.730775
            ],
            [
              6.629633,
              49.731285
            ],
            [
              6.630313,
              49.731786
            ],
            [
              6.630661,
              49.732045
            ],
            [
              6.631347,
              49.732505
            ],
            [
              6.632977,
              49.733681
            ],
            [
              6.634091,
              49.734721
            ],
            [
              6.634889,
              49.735867
            ],
            [
              6.63509,
              49.736247
            ],
            [
              6.635235,
              49.736572
            ],
            [
              6.635316,
              49.736786
            ],
            [
              6.635349,
              49.736875
            ],
            [
              6.635477,
              49.737301
            ],
            [
              6.635518,
              49.737488
            ],
            [
              6.635561,
              49.737732
            ],
            [
              6.635595,
              49.738021
            ],
            [
              6.636534,
              49.737726
            ],
            [
              6.636678,
              49.737628
            ],
            [
              6.636813,
              49.737484
            ],
            [
              6.637357,
              49.7366
            ],
            [
              6.639049,
              49.737236
            ],
            [
              6.639168,
              49.737364
            ],
            [
              6.639516,
              49.737218
            ],
            [
              6.639849,
              49.73701
            ],
            [
              6.640337,
              49.736687
            ],
            [
              6.640841,
              49.736337
            ],
            [
              6.641367,
              49.735964
            ],
            [
              6.641966,
              49.735531
            ],
            [
              6.642409,
              49.735164
            ],
            [
              6.64283,
              49.734817
            ],
            [
              6.644231,
              49.734176
            ],
            [
              6.645348,
              49.733664
            ],
            [
              6.645488,
              49.733505
            ],
            [
              6.645542,
              49.733417
            ],
            [
              6.645569,
              49.733276
            ],
            [
              6.645586,
              49.733115
            ],
            [
              6.645524,
              49.732676
            ],
            [
              6.645395,
              49.731627
            ],
            [
              6.645344,
              49.731429
            ],
            [
              6.645269,
              49.730904
            ],
            [
              6.645196,
              49.730792
            ],
            [
              6.644819,
              49.730355
            ],
            [
              6.644623,
              49.730122
            ],
            [
              6.644202,
              49.729633
            ],
            [
              6.644134,
              49.729517
            ],
            [
              6.644071,
              49.729428
            ],
            [
              6.644112,
              49.729426
            ],
            [
              6.643903,
              49.728867
            ],
            [
              6.644232,
              49.728798
            ],
            [
              6.644478,
              49.728721
            ],
            [
              6.644899,
              49.728526
            ],
            [
              6.645166,
              49.728417
            ],
            [
              6.645197,
              49.728443
            ],
            [
              6.645365,
              49.728373
            ],
            [
              6.645443,
              49.728408
            ],
            [
              6.645853,
              49.728378
            ],
            [
              6.646078,
              49.728363
            ],
            [
              6.646561,
              49.728453
            ],
            [
              6.646817,
              49.728497
            ],
            [
              6.647294,
              49.728574
            ],
            [
              6.647302,
              49.728518
            ],
            [
              6.648803,
              49.728776
            ],
            [
              6.648843,
              49.728665
            ],
            [
              6.648603,
              49.72841
            ],
            [
              6.648389,
              49.728033
            ],
            [
              6.648306,
              49.727785
            ],
            [
              6.648287,
              49.727616
            ],
            [
              6.648294,
              49.727456
            ],
            [
              6.648393,
              49.727187
            ],
            [
              6.648371,
              49.727012
            ],
            [
              6.647787,
              49.725585
            ],
            [
              6.647017,
              49.725645
            ],
            [
              6.645901,
              49.725695
            ],
            [
              6.645557,
              49.725718
            ],
            [
              6.645186,
              49.725772
            ],
            [
              6.644962,
              49.72581
            ],
            [
              6.644699,
              49.72587
            ],
            [
              6.644283,
              49.726088
            ],
            [
              6.6442,
              49.726145
            ],
            [
              6.644012,
              49.726309
            ],
            [
              6.643786,
              49.726539
            ],
            [
              6.642303,
              49.726814
            ],
            [
              6.641983,
              49.726307
            ],
            [
              6.64168,
              49.725969
            ],
            [
              6.641644,
              49.725957
            ],
            [
              6.641298,
              49.725702
            ],
            [
              6.641129,
              49.725581
            ],
            [
              6.64086,
              49.725254
            ],
            [
              6.64075,
              49.725069
            ],
            [
              6.640514,
              49.724669
            ],
            [
              6.64045,
              49.724386
            ],
            [
              6.640454,
              49.724308
            ],
            [
              6.640491,
              49.724056
            ],
            [
              6.640786,
              49.723325
            ],
            [
              6.640906,
              49.722443
            ],
            [
              6.640702,
              49.721461
            ],
            [
              6.64033,
              49.720994
            ],
            [
              6.640383,
              49.720574
            ],
            [
              6.640541,
              49.72008
            ],
            [
              6.640599,
              49.719961
            ],
            [
              6.640491,
              49.719852
            ],
            [
              6.640299,
              49.719794
            ],
            [
              6.639983,
              49.719896
            ],
            [
              6.639821,
              49.719897
            ],
            [
              6.639712,
              49.7199
            ],
            [
              6.638688,
              49.720061
            ],
            [
              6.638668,
              49.720035
            ],
            [
              6.638641,
              49.719969
            ],
            [
              6.638541,
              49.719913
            ],
            [
              6.638467,
              49.719512
            ],
            [
              6.63831,
              49.719491
            ],
            [
              6.63764,
              49.718975
            ],
            [
              6.636803,
              49.718286
            ],
            [
              6.635092,
              49.716628
            ],
            [
              6.634917,
              49.716206
            ],
            [
              6.634767,
              49.715847
            ],
            [
              6.634668,
              49.715605
            ],
            [
              6.634354,
              49.714923
            ],
            [
              6.634001,
              49.714414
            ],
            [
              6.633293,
              49.713232
            ],
            [
              6.632082,
              49.712019
            ],
            [
              6.630982,
              49.711098
            ],
            [
              6.630677,
              49.710826
            ],
            [
              6.630269,
              49.71046
            ],
            [
              6.629095,
              49.7094
            ],
            [
              6.628924,
              49.709137
            ],
            [
              6.628836,
              49.708905
            ],
            [
              6.628932,
              49.707232
            ],
            [
              6.628945,
              49.70701
            ],
            [
              6.631656,
              49.707767
            ],
            [
              6.633989,
              49.706111
            ],
            [
              6.632645,
              49.705251
            ],
            [
              6.632798,
              49.705109
            ],
            [
              6.632492,
              49.704927
            ],
            [
              6.63249,
              49.703473
            ],
            [
              6.633201,
              49.703025
            ],
            [
              6.633589,
              49.702871
            ],
            [
              6.633877,
              49.70274
            ],
            [
              6.634036,
              49.70261
            ],
            [
              6.63413,
              49.702516
            ],
            [
              6.634119,
              49.702465
            ],
            [
              6.634071,
              49.702403
            ],
            [
              6.633894,
              49.702168
            ],
            [
              6.633804,
              49.70212
            ],
            [
              6.633729,
              49.702092
            ],
            [
              6.633278,
              49.702022
            ],
            [
              6.632997,
              49.701938
            ],
            [
              6.632761,
              49.701868
            ],
            [
              6.632715,
              49.701855
            ],
            [
              6.632714,
              49.701854
            ],
            [
              6.632712,
              49.701854
            ],
            [
              6.632693,
              49.70186
            ],
            [
              6.631025,
              49.70239
            ],
            [
              6.63093,
              49.702371
            ],
            [
              6.630782,
              49.702342
            ],
            [
              6.6307,
              49.702326
            ],
            [
              6.629626,
              49.702117
            ],
            [
              6.629525,
              49.702088
            ],
            [
              6.628964,
              49.70193
            ],
            [
              6.628849,
              49.701898
            ],
            [
              6.627114,
              49.70141
            ],
            [
              6.625819,
              49.701044
            ],
            [
              6.62491,
              49.700788
            ],
            [
              6.624836,
              49.700767
            ],
            [
              6.624784,
              49.700752
            ],
            [
              6.624451,
              49.700657
            ],
            [
              6.624238,
              49.700559
            ],
            [
              6.62385,
              49.70038
            ],
            [
              6.623676,
              49.7003
            ],
            [
              6.623246,
              49.700069
            ],
            [
              6.623049,
              49.699968
            ],
            [
              6.623023,
              49.699955
            ],
            [
              6.623001,
              49.699943
            ],
            [
              6.622872,
              49.699947
            ],
            [
              6.620078,
              49.70004
            ],
            [
              6.619977,
              49.700044
            ],
            [
              6.619879,
              49.700028
            ],
            [
              6.617983,
              49.699724
            ],
            [
              6.617945,
              49.699746
            ],
            [
              6.617893,
              49.699776
            ],
            [
              6.617796,
              49.699835
            ],
            [
              6.617298,
              49.699678
            ],
            [
              6.615792,
              49.698863
            ]
          ]
        ]
      },
      "$schema": null,
      "$context": null
    }
  ]
}