{"serviceTitle":"Ortsbezirke Trier","collectionId":"2357","collectionName":"ms:grenze_ortsbezirke","collectionTitle":"Ortsbezirke Trier","title":"Ortsbezirke Trier","id":"ms:grenze_ortsbezirke","description":"Grenzen der Ortsbezirke Trier","extent":{"spatial":{"minx":"6.5415180017919","miny":"49.691966433987","maxx":"6.75592394632918","maxy":"49.8615228004707"},"temporal":[]},"type":"FeatureCollection","links":[{"rel":"self","type":"application\/geo+json","title":"this document","href":"https:\/\/www.geoportal.rlp.de\/spatial-objects\/466\/collections\/ms:grenze_ortsbezirke\/items?f=json"},{"rel":"next","type":"application\/geo+json","title":"next page","href":"https:\/\/www.geoportal.rlp.de\/spatial-objects\/466\/collections\/ms:grenze_ortsbezirke\/items?f=json&offset=10&limit=10"},{"rel":"last","type":"application\/geo+json","title":"last page","href":"https:\/\/www.geoportal.rlp.de\/spatial-objects\/466\/collections\/ms:grenze_ortsbezirke\/items?f=json&offset=10&limit=10"}],"numberMatched":19,"numberReturned":10,"timeStamp":"2026-02-05T07:33:24.3600Z","genTime":0.4657471179962158,"features":[{"type":"Feature","properties":{"ID1":1,"ORTSBEZIRK":"Ruwer\/Eitelsbach","ORTSBEZIR1":24,"link":"https:\/\/www.trier.de\/leben-in-trier\/ortsbezirke\/"},"bbox":[6.682613,49.770673,6.747136,49.821924],"geometry":{"type":"Polygon","coordinates":[[[6.729138,49.786977],[6.729155,49.786953],[6.729261,49.786808],[6.729452,49.786548],[6.729489,49.786515],[6.729525,49.786482],[6.729553,49.786458],[6.729806,49.786234],[6.730122,49.785955],[6.730134,49.785944],[6.730168,49.785913],[6.730952,49.785217],[6.731054,49.785127],[6.731293,49.784916],[6.732079,49.784218],[6.732136,49.784168],[6.732191,49.784118],[6.732248,49.784068],[6.733111,49.784086],[6.73426,49.78411],[6.734335,49.784111],[6.734718,49.784119],[6.734841,49.784097],[6.73498,49.784073],[6.735074,49.784057],[6.737583,49.783617],[6.737701,49.783594],[6.737756,49.783583],[6.737832,49.783568],[6.73796,49.783543],[6.738041,49.783527],[6.738126,49.78351],[6.738205,49.783495],[6.738318,49.783472],[6.73847,49.783442],[6.738554,49.783426],[6.738639,49.783409],[6.738803,49.783377],[6.738956,49.783347],[6.739039,49.783331],[6.739113,49.783316],[6.739284,49.783283],[6.739207,49.783062],[6.739193,49.783021],[6.739116,49.7828],[6.739092,49.782732],[6.739042,49.78259],[6.739035,49.782571],[6.739008,49.782493],[6.738983,49.782423],[6.7389,49.782189],[6.73885,49.782048],[6.738841,49.782021],[6.738781,49.781852],[6.738759,49.781791],[6.738726,49.781707],[6.73869,49.781614],[6.738683,49.781597],[6.738467,49.781031],[6.738431,49.780944],[6.738168,49.780268],[6.738153,49.780229],[6.738055,49.779979],[6.738056,49.779959],[6.738057,49.779938],[6.738062,49.779823],[6.738063,49.779796],[6.738072,49.77959],[6.738083,49.779339],[6.738084,49.77931],[6.738122,49.778401],[6.738123,49.778369],[6.738124,49.77835],[6.738133,49.778137],[6.738177,49.777139],[6.738189,49.776902],[6.738211,49.776466],[6.738217,49.776346],[6.738223,49.776242],[6.738226,49.776174],[6.737564,49.776209],[6.735362,49.776325],[6.734977,49.776345],[6.734705,49.77636],[6.733991,49.776397],[6.73381,49.776407],[6.733578,49.776419],[6.733094,49.776444],[6.731891,49.776507],[6.731783,49.776513],[6.731666,49.776519],[6.731369,49.776535],[6.731036,49.776487],[6.730343,49.776389],[6.730262,49.776378],[6.729981,49.776304],[6.72991,49.776285],[6.729413,49.776155],[6.729035,49.776056],[6.728379,49.775883],[6.728295,49.775861],[6.727986,49.77578],[6.72781,49.775734],[6.727769,49.775723],[6.727736,49.775715],[6.727668,49.775687],[6.727663,49.775685],[6.727268,49.775524],[6.726524,49.775123],[6.726413,49.775063],[6.726314,49.77501],[6.72626,49.774981],[6.726185,49.77494],[6.726085,49.774886],[6.725997,49.774839],[6.72589,49.774782],[6.725832,49.77475],[6.725842,49.774638],[6.725866,49.774412],[6.725944,49.774066],[6.725954,49.774018],[6.72596,49.773995],[6.725866,49.773983],[6.725845,49.77398],[6.725684,49.77396],[6.725562,49.773944],[6.72556,49.773944],[6.725517,49.773938],[6.725476,49.77394],[6.725414,49.773942],[6.725316,49.773946],[6.725241,49.773948],[6.725148,49.773963],[6.725116,49.773968],[6.725033,49.773981],[6.724983,49.773996],[6.724962,49.774002],[6.724919,49.774015],[6.724841,49.774038],[6.724759,49.774062],[6.724717,49.774074],[6.724666,49.774089],[6.724617,49.774101],[6.724586,49.774109],[6.72459,49.774122],[6.724593,49.774132],[6.724753,49.774665],[6.724754,49.774668],[6.724442,49.774804],[6.723729,49.775131],[6.723379,49.775082],[6.723243,49.775026],[6.723177,49.775015],[6.722087,49.774857],[6.722018,49.774851],[6.721974,49.774855],[6.721892,49.774825],[6.721914,49.774793],[6.721982,49.774726],[6.722051,49.774677],[6.722191,49.774608],[6.722379,49.774546],[6.722529,49.774514],[6.722511,49.774486],[6.722784,49.774397],[6.723081,49.774223],[6.723188,49.774146],[6.723096,49.774039],[6.723029,49.773772],[6.72322,49.77342],[6.722689,49.773332],[6.722088,49.773164],[6.722023,49.773099],[6.722001,49.773084],[6.721879,49.772995],[6.721758,49.772907],[6.721744,49.772897],[6.721564,49.772766],[6.721516,49.772731],[6.72145,49.772684],[6.72141,49.772654],[6.721211,49.77251],[6.721088,49.772454],[6.721052,49.772438],[6.720849,49.772345],[6.72078,49.772313],[6.720724,49.772288],[6.720584,49.772388],[6.720297,49.772666],[6.720083,49.772887],[6.720023,49.772983],[6.72,49.772947],[6.719988,49.772933],[6.719969,49.772908],[6.719924,49.772849],[6.719836,49.772819],[6.719332,49.772645],[6.719085,49.772893],[6.718874,49.773106],[6.71883,49.773096],[6.718421,49.772999],[6.718398,49.772994],[6.718347,49.772981],[6.718322,49.772975],[6.718271,49.773015],[6.718256,49.773009],[6.718176,49.772974],[6.718151,49.772964],[6.717843,49.773225],[6.717505,49.773488],[6.717245,49.773707],[6.71716,49.773771],[6.717013,49.773929],[6.716918,49.774055],[6.716836,49.774211],[6.716619,49.774718],[6.716469,49.775095],[6.71633,49.775337],[6.716064,49.775687],[6.715954,49.775813],[6.715808,49.775932],[6.715696,49.776001],[6.715536,49.776087],[6.71503,49.776361],[6.714568,49.776609],[6.714154,49.776376],[6.713941,49.776255],[6.713638,49.776431],[6.713628,49.77644],[6.71344,49.776593],[6.713293,49.776712],[6.713251,49.776688],[6.713231,49.776677],[6.712172,49.776139],[6.712076,49.77609],[6.711106,49.775423],[6.711068,49.775397],[6.710818,49.775224],[6.709239,49.774389],[6.709027,49.774278],[6.708392,49.773985],[6.707964,49.773854],[6.706771,49.773493],[6.704977,49.772938],[6.703681,49.772748],[6.703407,49.772709],[6.702178,49.772535],[6.701913,49.772497],[6.701782,49.772479],[6.701741,49.772475],[6.701728,49.772473],[6.699488,49.772239],[6.697323,49.772008],[6.697302,49.772006],[6.697253,49.772001],[6.69693,49.771968],[6.69663,49.771937],[6.696543,49.771928],[6.696505,49.771893],[6.696139,49.771557],[6.696004,49.771433],[6.695593,49.771055],[6.695177,49.770673],[6.695167,49.770692],[6.695142,49.770734],[6.695082,49.770962],[6.694985,49.771066],[6.69499,49.77113],[6.694934,49.771309],[6.694884,49.771335],[6.694815,49.771397],[6.694793,49.771502],[6.694693,49.771614],[6.694739,49.771648],[6.694649,49.771842],[6.69462,49.771991],[6.694592,49.772031],[6.694545,49.772114],[6.69455,49.772275],[6.69457,49.772287],[6.694558,49.772394],[6.694615,49.772453],[6.694547,49.77259],[6.694676,49.772832],[6.69464,49.772867],[6.694707,49.772998],[6.694685,49.773051],[6.694761,49.773394],[6.694821,49.773454],[6.694775,49.773549],[6.694823,49.773578],[6.694824,49.773717],[6.694797,49.773794],[6.694839,49.773831],[6.694821,49.77395],[6.694923,49.774015],[6.694964,49.774167],[6.694907,49.774205],[6.695058,49.77435],[6.695044,49.774459],[6.6951,49.774468],[6.695108,49.774582],[6.69517,49.774623],[6.695157,49.774691],[6.695283,49.775059],[6.695135,49.775316],[6.695045,49.775517],[6.695061,49.775789],[6.695013,49.775869],[6.695023,49.775881],[6.694749,49.776069],[6.694588,49.775979],[6.694426,49.775888],[6.694168,49.775756],[6.694163,49.775762],[6.693682,49.775509],[6.693318,49.775333],[6.692673,49.775042],[6.692087,49.774768],[6.691499,49.774545],[6.690891,49.774344],[6.689133,49.773787],[6.688074,49.773451],[6.687734,49.773331],[6.687383,49.773224],[6.687004,49.77311],[6.685987,49.772807],[6.685836,49.772764],[6.685696,49.77273],[6.685564,49.772697],[6.68542,49.77267],[6.685288,49.772645],[6.685118,49.77262],[6.684917,49.772595],[6.68474,49.772579],[6.684542,49.772564],[6.683805,49.772527],[6.682613,49.772467],[6.683356,49.773234],[6.683753,49.773824],[6.683979,49.774267],[6.684175,49.775017],[6.684162,49.776001],[6.683755,49.777601],[6.684547,49.777673],[6.689534,49.777883],[6.692337,49.778302],[6.692975,49.778411],[6.695464,49.778843],[6.696562,49.779107],[6.699024,49.779997],[6.700588,49.780837],[6.7013,49.781219],[6.702577,49.782102],[6.702758,49.78228],[6.703395,49.782908],[6.70398,49.783806],[6.704296,49.784991],[6.704151,49.785985],[6.704285,49.786816],[6.704415,49.788183],[6.704362,49.789648],[6.704298,49.790274],[6.704182,49.791421],[6.703974,49.792519],[6.703729,49.793331],[6.703091,49.794465],[6.702693,49.79526],[6.702723,49.795349],[6.702626,49.795734],[6.702567,49.796064],[6.702564,49.796315],[6.70251,49.796515],[6.702447,49.796899],[6.702336,49.797382],[6.702208,49.797979],[6.702113,49.798463],[6.702036,49.798871],[6.701999,49.79908],[6.701973,49.799327],[6.701999,49.799386],[6.702005,49.799535],[6.701958,49.799675],[6.701869,49.800305],[6.701807,49.800741],[6.70174,49.801331],[6.701762,49.801422],[6.701744,49.801552],[6.701764,49.801591],[6.701573,49.801633],[6.701623,49.80173],[6.701764,49.802004],[6.70191,49.80229],[6.702262,49.80282],[6.702583,49.803304],[6.70304,49.803993],[6.704514,49.805311],[6.70475,49.805592],[6.705527,49.806313],[6.706472,49.808208],[6.706658,49.809605],[6.706928,49.814045],[6.706997,49.815254],[6.707283,49.817436],[6.707352,49.817951],[6.707553,49.818992],[6.707947,49.819749],[6.708336,49.820252],[6.70975,49.821071],[6.710372,49.821217],[6.712359,49.821571],[6.713369,49.821682],[6.713374,49.821883],[6.714686,49.821924],[6.71506,49.821907],[6.715834,49.821873],[6.717352,49.821804],[6.718015,49.821724],[6.72125,49.821331],[6.721998,49.821207],[6.722574,49.821111],[6.722844,49.82106],[6.725143,49.820537],[6.726416,49.82016],[6.72669,49.820065],[6.726941,49.819977],[6.727556,49.81974],[6.728087,49.819503],[6.728819,49.819197],[6.728916,49.819155],[6.729931,49.818709],[6.731112,49.818252],[6.731367,49.818138],[6.731819,49.817906],[6.73196,49.817833],[6.732229,49.817674],[6.732594,49.817487],[6.733305,49.817164],[6.733657,49.817022],[6.733995,49.816854],[6.734312,49.816672],[6.734587,49.816495],[6.734938,49.816277],[6.735276,49.816099],[6.735815,49.815943],[6.735816,49.815943],[6.736161,49.815762],[6.738049,49.814769],[6.74074,49.813596],[6.741791,49.81323],[6.741998,49.813166],[6.742717,49.812946],[6.743547,49.812693],[6.745399,49.812468],[6.746845,49.812518],[6.747098,49.811919],[6.747124,49.811875],[6.747136,49.811855],[6.747057,49.811836],[6.746402,49.811693],[6.746012,49.811625],[6.745569,49.811624],[6.74546,49.811627],[6.745383,49.811531],[6.745338,49.811536],[6.745315,49.811544],[6.745246,49.811542],[6.744694,49.811528],[6.744385,49.811524],[6.744255,49.811523],[6.744197,49.811522],[6.744134,49.81151],[6.743829,49.811483],[6.743626,49.811426],[6.743559,49.811408],[6.743294,49.811333],[6.743167,49.811303],[6.741887,49.811001],[6.740974,49.810792],[6.740782,49.810745],[6.739739,49.810489],[6.738739,49.810245],[6.738196,49.810104],[6.73727,49.809876],[6.736217,49.809622],[6.735717,49.809506],[6.735207,49.809386],[6.734101,49.80913],[6.732982,49.808868],[6.731848,49.808605],[6.73162,49.808545],[6.731579,49.808534],[6.731448,49.808501],[6.731422,49.808494],[6.730552,49.808308],[6.729953,49.808179],[6.729391,49.808077],[6.728983,49.808017],[6.728748,49.807999],[6.728127,49.807951],[6.727741,49.807937],[6.727206,49.807939],[6.726424,49.807954],[6.726106,49.807939],[6.725799,49.807898],[6.725481,49.807823],[6.725192,49.807731],[6.724929,49.807619],[6.724702,49.807492],[6.724459,49.807314],[6.724249,49.80714],[6.724028,49.806884],[6.723932,49.806798],[6.723819,49.806739],[6.723669,49.806703],[6.723411,49.806629],[6.722359,49.806412],[6.721776,49.806292],[6.721182,49.80617],[6.719888,49.805903],[6.719811,49.80587],[6.719699,49.805821],[6.71969,49.805817],[6.719593,49.805796],[6.719421,49.805799],[6.718304,49.805559],[6.717312,49.805349],[6.716353,49.805143],[6.715367,49.80494],[6.714476,49.804754],[6.713936,49.804638],[6.712581,49.804333],[6.712521,49.804319],[6.712406,49.804272],[6.712298,49.804227],[6.712216,49.804208],[6.712057,49.804195],[6.711083,49.803953],[6.710436,49.803901],[6.709924,49.803721],[6.709834,49.803682],[6.709683,49.803536],[6.708954,49.80329],[6.708695,49.803158],[6.70837,49.803033],[6.708071,49.8029],[6.707774,49.802758],[6.707444,49.80259],[6.706894,49.802675],[6.706628,49.802705],[6.706369,49.802719],[6.706116,49.802716],[6.705802,49.802699],[6.705507,49.802684],[6.705315,49.802658],[6.705095,49.802605],[6.704935,49.802551],[6.704734,49.80245],[6.704555,49.802319],[6.704415,49.802186],[6.704295,49.802039],[6.704211,49.801863],[6.704183,49.801684],[6.704199,49.801506],[6.704244,49.801329],[6.70439,49.800929],[6.704402,49.800885],[6.704424,49.800811],[6.704434,49.800762],[6.704448,49.80069],[6.704459,49.800583],[6.704461,49.800568],[6.704457,49.800468],[6.70443,49.800295],[6.70439,49.800136],[6.704323,49.800027],[6.704168,49.799675],[6.703926,49.799104],[6.703911,49.799069],[6.703789,49.798408],[6.703801,49.7978],[6.70384,49.797167],[6.703973,49.796522],[6.704007,49.796392],[6.704149,49.795866],[6.70433,49.795225],[6.704511,49.794616],[6.704513,49.794607],[6.704678,49.794004],[6.704841,49.793385],[6.704846,49.793363],[6.704895,49.793365],[6.705006,49.793368],[6.705028,49.793369],[6.705148,49.793372],[6.705173,49.793373],[6.705286,49.793376],[6.70538,49.793379],[6.705476,49.793382],[6.705532,49.793383],[6.705563,49.793384],[6.70561,49.793386],[6.705693,49.793389],[6.705794,49.793392],[6.705841,49.793394],[6.705876,49.793395],[6.706746,49.79342],[6.707169,49.793472],[6.707458,49.793507],[6.707862,49.793559],[6.707921,49.793559],[6.707926,49.793582],[6.708294,49.793615],[6.708362,49.79362],[6.708388,49.793683],[6.708371,49.793743],[6.708339,49.793862],[6.70833,49.793895],[6.708292,49.794033],[6.708328,49.794204],[6.708338,49.794246],[6.708466,49.794286],[6.708505,49.794301],[6.708701,49.794376],[6.708923,49.794484],[6.70901,49.794568],[6.709176,49.79467],[6.709322,49.79476],[6.709403,49.79481],[6.70945,49.794839],[6.709457,49.794843],[6.709494,49.794864],[6.709542,49.794892],[6.709619,49.794936],[6.709788,49.795034],[6.709851,49.79507],[6.710038,49.795178],[6.71008,49.795202],[6.710111,49.795221],[6.710181,49.795261],[6.710243,49.795296],[6.710356,49.795362],[6.710419,49.795398],[6.71048,49.795433],[6.710544,49.79547],[6.710608,49.795506],[6.710751,49.795589],[6.71115,49.795819],[6.71121,49.795853],[6.711356,49.795926],[6.711474,49.795978],[6.711543,49.796003],[6.711585,49.796018],[6.711636,49.796032],[6.711654,49.796037],[6.711692,49.796047],[6.711724,49.796053],[6.711802,49.796068],[6.711926,49.796079],[6.71194,49.796079],[6.712052,49.79608],[6.712148,49.796072],[6.712355,49.796055],[6.712561,49.796039],[6.712651,49.796031],[6.712858,49.796015],[6.713182,49.795988],[6.713219,49.795985],[6.713231,49.795983],[6.713263,49.795977],[6.713347,49.795962],[6.713397,49.795952],[6.713652,49.795919],[6.713844,49.795876],[6.71403,49.795809],[6.714556,49.795606],[6.714624,49.795583],[6.715461,49.795272],[6.716186,49.795019],[6.716705,49.794823],[6.716745,49.794808],[6.716768,49.794799],[6.716822,49.794778],[6.7169,49.794749],[6.717007,49.794708],[6.717114,49.794667],[6.717202,49.794634],[6.717262,49.794611],[6.71728,49.794606],[6.717314,49.794593],[6.717513,49.794518],[6.717592,49.794488],[6.717649,49.794466],[6.717771,49.79442],[6.717884,49.794377],[6.717974,49.794343],[6.718127,49.794285],[6.718273,49.794229],[6.718537,49.794129],[6.718555,49.794122],[6.718794,49.794032],[6.719058,49.793932],[6.719244,49.793861],[6.719458,49.79378],[6.719535,49.793751],[6.719609,49.793723],[6.719903,49.793612],[6.720186,49.793504],[6.721328,49.793071],[6.721355,49.79303],[6.721508,49.792801],[6.721565,49.792787],[6.72175,49.79273],[6.722252,49.792583],[6.72227,49.792577],[6.722309,49.792566],[6.722317,49.792563],[6.722447,49.792523],[6.722595,49.792477],[6.722605,49.792474],[6.722763,49.792426],[6.722847,49.7924],[6.722937,49.792372],[6.723095,49.792325],[6.723253,49.792277],[6.72341,49.792229],[6.723478,49.792209],[6.723553,49.792186],[6.723632,49.792162],[6.723676,49.792149],[6.723777,49.792118],[6.723882,49.792086],[6.72406,49.792032],[6.724093,49.792024],[6.72421,49.791996],[6.724415,49.791946],[6.724623,49.791896],[6.724689,49.791879],[6.724778,49.791858],[6.724883,49.791832],[6.725168,49.791763],[6.725235,49.791747],[6.725312,49.791728],[6.725455,49.791693],[6.72569,49.791636],[6.725755,49.79162],[6.725927,49.791578],[6.726034,49.791552],[6.726213,49.791509],[6.726378,49.791469],[6.726397,49.791464],[6.726529,49.791432],[6.726694,49.791391],[6.726705,49.791329],[6.726756,49.791047],[6.726781,49.790906],[6.726789,49.790862],[6.726796,49.790822],[6.726805,49.790767],[6.726924,49.790068],[6.726929,49.790037],[6.726939,49.789975],[6.727205,49.789612],[6.728302,49.788111],[6.728347,49.788056],[6.728669,49.787616],[6.729006,49.787156],[6.729121,49.787],[6.729138,49.786977]]]},"$schema":null,"$context":null},{"type":"Feature","properties":{"ID1":2,"ORTSBEZIRK":"S\u00fcd","ORTSBEZIR1":13,"link":"https:\/\/www.trier.de\/leben-in-trier\/ortsbezirke\/"},"bbox":[6.618697,49.723194,6.64251,49.751225],"geometry":{"type":"Polygon","coordinates":[[[6.620102,49.723194],[6.620013,49.72325],[6.619997,49.723259],[6.619991,49.723262],[6.619942,49.723288],[6.619923,49.723297],[6.619898,49.723308],[6.619743,49.723379],[6.619619,49.723441],[6.618697,49.723973],[6.618722,49.723991],[6.618889,49.724114],[6.619081,49.724255],[6.620553,49.72533],[6.621616,49.726278],[6.622863,49.727625],[6.624063,49.729233],[6.625084,49.730935],[6.626147,49.733883],[6.626387,49.734635],[6.626919,49.738124],[6.626963,49.739215],[6.626995,49.740015],[6.626645,49.742933],[6.62644,49.744648],[6.626233,49.746541],[6.626185,49.748787],[6.626275,49.749771],[6.62638,49.751225],[6.628295,49.750951],[6.631301,49.750539],[6.634552,49.750118],[6.635307,49.750015],[6.637083,49.749792],[6.639848,49.749264],[6.64078,49.749122],[6.641328,49.749048],[6.641934,49.748909],[6.642178,49.748825],[6.642333,49.748733],[6.642435,49.748596],[6.64251,49.748455],[6.640764,49.747457],[6.639281,49.746553],[6.638221,49.74591],[6.637503,49.745361],[6.637228,49.745107],[6.637029,49.744902],[6.636781,49.744623],[6.636408,49.744178],[6.63616,49.743849],[6.635995,49.743603],[6.635837,49.743344],[6.635736,49.74314],[6.635438,49.74242],[6.635372,49.741673],[6.635385,49.741435],[6.635415,49.74093],[6.635568,49.739013],[6.635594,49.738633],[6.635602,49.738338],[6.635595,49.738021],[6.635561,49.737732],[6.635518,49.737488],[6.635477,49.737301],[6.635349,49.736875],[6.635316,49.736786],[6.635235,49.736572],[6.63509,49.736247],[6.634889,49.735867],[6.634091,49.734721],[6.632977,49.733681],[6.631347,49.732505],[6.630661,49.732045],[6.630313,49.731786],[6.629633,49.731285],[6.628943,49.730775],[6.628294,49.730293],[6.627923,49.730015],[6.627656,49.729815],[6.627406,49.72962],[6.62715,49.729411],[6.626903,49.729199],[6.626581,49.728901],[6.62541,49.727703],[6.624222,49.726514],[6.622912,49.725313],[6.621526,49.724225],[6.620829,49.723721],[6.620177,49.723249],[6.620133,49.723217],[6.620102,49.723194]]]},"$schema":null,"$context":null},{"type":"Feature","properties":{"ID1":3,"ORTSBEZIRK":"Biewer","ORTSBEZIR1":23,"link":"https:\/\/www.trier.de\/leben-in-trier\/ortsbezirke\/"},"bbox":[6.617688,49.772339,6.680554,49.793652],"geometry":{"type":"Polygon","coordinates":[[[6.649563,49.772339],[6.649192,49.773283],[6.649144,49.773437],[6.649177,49.773531],[6.64929,49.773554],[6.6492,49.773881],[6.648999,49.77383],[6.649441,49.774824],[6.648888,49.775201],[6.648624,49.775429],[6.648309,49.775739],[6.647984,49.776037],[6.647684,49.7764],[6.647564,49.776488],[6.647231,49.776522],[6.64566,49.77633],[6.644724,49.776107],[6.64396,49.775867],[6.643205,49.775552],[6.642646,49.775374],[6.641697,49.775178],[6.641376,49.774868],[6.640909,49.774588],[6.640778,49.774435],[6.640395,49.774469],[6.639297,49.774716],[6.638844,49.774913],[6.638311,49.77529],[6.637675,49.775739],[6.637332,49.776074],[6.636931,49.776329],[6.636523,49.776383],[6.635731,49.776624],[6.635141,49.776801],[6.634708,49.776969],[6.63423,49.777276],[6.634247,49.777599],[6.634647,49.778516],[6.634863,49.778968],[6.634093,49.779251],[6.633946,49.779255],[6.633525,49.779287],[6.633254,49.779355],[6.632967,49.779447],[6.632656,49.77959],[6.632382,49.779746],[6.632314,49.779798],[6.631892,49.780057],[6.631689,49.780132],[6.62999,49.77964],[6.628531,49.779251],[6.626893,49.778879],[6.626114,49.778732],[6.625772,49.778668],[6.625107,49.779324],[6.624054,49.779427],[6.622845,49.779749],[6.6214,49.779604],[6.620395,49.781398],[6.61934,49.781784],[6.618422,49.782016],[6.618319,49.78201],[6.618089,49.782081],[6.618036,49.782107],[6.617743,49.782176],[6.61771,49.782184],[6.617688,49.78219],[6.618031,49.782214],[6.618162,49.782195],[6.618528,49.782142],[6.618974,49.782191],[6.619327,49.782229],[6.620211,49.78223],[6.621363,49.782206],[6.622033,49.782216],[6.622544,49.78226],[6.623133,49.782367],[6.62351,49.782415],[6.624105,49.782466],[6.624066,49.782588],[6.624225,49.782615],[6.624638,49.782684],[6.625207,49.782775],[6.625285,49.782835],[6.625426,49.782931],[6.625733,49.783079],[6.625803,49.783112],[6.626125,49.783278],[6.626165,49.783293],[6.626252,49.783352],[6.626368,49.78343],[6.626574,49.783534],[6.627856,49.783994],[6.628599,49.784108],[6.629122,49.784217],[6.629365,49.784271],[6.629667,49.784321],[6.630256,49.784481],[6.630697,49.784717],[6.630843,49.784941],[6.630801,49.784956],[6.630796,49.785271],[6.630733,49.785404],[6.630713,49.785457],[6.630707,49.785463],[6.630686,49.785485],[6.630352,49.785829],[6.630628,49.785799],[6.631374,49.785592],[6.631617,49.785569],[6.631872,49.785612],[6.631963,49.785629],[6.632899,49.785818],[6.632844,49.785876],[6.632536,49.786195],[6.631957,49.786919],[6.631312,49.787574],[6.631118,49.787821],[6.630998,49.787974],[6.630793,49.788468],[6.630663,49.788837],[6.630957,49.789977],[6.630953,49.790017],[6.631056,49.790529],[6.631067,49.790569],[6.631086,49.790653],[6.631275,49.790867],[6.63147,49.791087],[6.632603,49.791137],[6.632605,49.791106],[6.632607,49.791076],[6.632615,49.790782],[6.632363,49.790266],[6.63349,49.789847],[6.63394,49.789542],[6.635134,49.789457],[6.635235,49.789355],[6.63555,49.789333],[6.63591,49.789406],[6.636444,49.789749],[6.636621,49.789992],[6.636128,49.790635],[6.636312,49.791121],[6.636283,49.792416],[6.636053,49.79267],[6.636003,49.793227],[6.636076,49.793517],[6.636153,49.793652],[6.637298,49.793333],[6.63878,49.79293],[6.639688,49.79268],[6.64045,49.792504],[6.641263,49.792474],[6.642419,49.7919],[6.642472,49.791486],[6.642465,49.79145],[6.642764,49.791027],[6.64299,49.790745],[6.643351,49.791106],[6.643891,49.791645],[6.644302,49.791826],[6.644952,49.791449],[6.645381,49.791208],[6.645634,49.790996],[6.646229,49.790502],[6.647951,49.790035],[6.648226,49.789954],[6.648495,49.789842],[6.649325,49.788747],[6.649982,49.787823],[6.650038,49.787256],[6.650093,49.786438],[6.651217,49.786553],[6.651264,49.786568],[6.652475,49.786778],[6.654487,49.786803],[6.655043,49.78662],[6.656111,49.786858],[6.657032,49.78709],[6.657962,49.787998],[6.658363,49.788384],[6.658861,49.788857],[6.659192,49.789005],[6.659835,49.789309],[6.659987,49.789504],[6.660271,49.789589],[6.660565,49.789751],[6.660844,49.790058],[6.661253,49.790136],[6.661587,49.790297],[6.661773,49.790492],[6.661965,49.790605],[6.662224,49.790785],[6.662695,49.790998],[6.663251,49.791126],[6.664365,49.791272],[6.664432,49.791281],[6.663357,49.789913],[6.663399,49.788746],[6.663437,49.788639],[6.663457,49.787849],[6.663492,49.787652],[6.663584,49.787421],[6.663604,49.787372],[6.663976,49.786467],[6.663929,49.786075],[6.663067,49.785149],[6.662813,49.785425],[6.662714,49.785568],[6.66115,49.786159],[6.660475,49.785709],[6.659791,49.78516],[6.659764,49.784961],[6.659554,49.784764],[6.659238,49.784528],[6.658716,49.784383],[6.658348,49.784046],[6.658133,49.783684],[6.658184,49.783307],[6.658178,49.783209],[6.658587,49.783104],[6.658492,49.782959],[6.658952,49.782883],[6.659318,49.782894],[6.65946,49.782872],[6.659775,49.78287],[6.659936,49.782862],[6.660019,49.782868],[6.66031,49.78292],[6.660666,49.782929],[6.660889,49.78297],[6.661137,49.782966],[6.661745,49.782904],[6.66183,49.782885],[6.661947,49.782842],[6.662058,49.782824],[6.662165,49.782782],[6.662452,49.782708],[6.662517,49.782703],[6.662589,49.782683],[6.662669,49.782639],[6.662759,49.782635],[6.662833,49.782606],[6.663031,49.782486],[6.663099,49.782453],[6.663243,49.782417],[6.663283,49.782393],[6.663371,49.782272],[6.663448,49.782215],[6.6635,49.782158],[6.663501,49.782125],[6.66357,49.781994],[6.663598,49.781855],[6.663604,49.781719],[6.663595,49.78172],[6.663553,49.781479],[6.663507,49.781285],[6.663449,49.781226],[6.663442,49.781176],[6.663327,49.781013],[6.663221,49.780841],[6.6632,49.780762],[6.663164,49.780675],[6.663143,49.780473],[6.663114,49.780405],[6.66313,49.780339],[6.663115,49.780311],[6.663158,49.780133],[6.663258,49.780085],[6.663235,49.780035],[6.663322,49.779956],[6.663411,49.779927],[6.663483,49.779886],[6.66349,49.77986],[6.663501,49.779855],[6.663513,49.779861],[6.66353,49.779865],[6.663835,49.779893],[6.663936,49.780253],[6.664086,49.780423],[6.664463,49.780748],[6.665346,49.781621],[6.665608,49.782159],[6.665783,49.782013],[6.666043,49.781987],[6.666128,49.782013],[6.666779,49.782142],[6.66715,49.782349],[6.667347,49.782516],[6.667913,49.782842],[6.668146,49.783096],[6.668957,49.783746],[6.669265,49.783922],[6.669783,49.78435],[6.669932,49.784523],[6.670195,49.784746],[6.670214,49.784759],[6.670277,49.784794],[6.670343,49.784814],[6.670403,49.784827],[6.670454,49.784834],[6.670354,49.78497],[6.671722,49.786126],[6.670213,49.78683],[6.670818,49.787425],[6.671248,49.787198],[6.671796,49.78694],[6.67243,49.786641],[6.672864,49.786993],[6.673218,49.786818],[6.673245,49.786799],[6.673256,49.786786],[6.673265,49.786776],[6.673274,49.786755],[6.673283,49.786692],[6.673413,49.786287],[6.673472,49.786178],[6.673553,49.786064],[6.673474,49.785996],[6.673729,49.785862],[6.675187,49.787156],[6.675504,49.787435],[6.678484,49.785871],[6.679683,49.785248],[6.679812,49.785142],[6.679912,49.785043],[6.67998,49.784905],[6.68004,49.784703],[6.680237,49.783914],[6.680327,49.783641],[6.680187,49.783058],[6.680095,49.782884],[6.679988,49.782754],[6.679868,49.782645],[6.679728,49.782563],[6.679481,49.782436],[6.680047,49.782022],[6.680554,49.781841],[6.680548,49.781811],[6.679811,49.781426],[6.678917,49.780974],[6.677339,49.780192],[6.677125,49.780084],[6.676416,49.779763],[6.677364,49.778866],[6.677398,49.77885],[6.677401,49.778785],[6.677524,49.778793],[6.677562,49.778233],[6.677751,49.777825],[6.678831,49.777951],[6.679037,49.777104],[6.677853,49.776967],[6.677098,49.776878],[6.67483,49.776472],[6.672656,49.77604],[6.670451,49.775662],[6.667916,49.775252],[6.666118,49.775015],[6.663902,49.774611],[6.662559,49.774391],[6.66131,49.774077],[6.659628,49.773715],[6.657148,49.773282],[6.655093,49.772947],[6.652076,49.772619],[6.651541,49.772698],[6.649563,49.772339]]]},"$schema":null,"$context":null},{"type":"Feature","properties":{"ID1":4,"ORTSBEZIRK":"Pfalzel","ORTSBEZIR1":22,"link":"https:\/\/www.trier.de\/leben-in-trier\/ortsbezirke\/"},"bbox":[6.676416,49.777104,6.704415,49.793224],"geometry":{"type":"Polygon","coordinates":[[[6.680237,49.783914],[6.68004,49.784703],[6.67998,49.784905],[6.679912,49.785043],[6.679812,49.785142],[6.679683,49.785248],[6.678484,49.785871],[6.678978,49.786275],[6.679339,49.786669],[6.679586,49.787036],[6.68004,49.787317],[6.680113,49.787618],[6.680175,49.787906],[6.68029,49.788266],[6.680458,49.788736],[6.68062,49.789191],[6.680804,49.78961],[6.680957,49.789903],[6.681135,49.79019],[6.681369,49.790526],[6.681501,49.790691],[6.682442,49.791811],[6.682994,49.792541],[6.684619,49.792431],[6.68559,49.792356],[6.686261,49.792214],[6.688248,49.791698],[6.689616,49.791835],[6.691519,49.79231],[6.6934,49.79276],[6.69529,49.793224],[6.696467,49.789714],[6.696612,49.789357],[6.696668,49.789135],[6.69682,49.788464],[6.697141,49.787038],[6.698185,49.787139],[6.699026,49.787262],[6.699669,49.787441],[6.700262,49.787687],[6.700782,49.787989],[6.701229,49.788347],[6.701565,49.788747],[6.701802,49.789176],[6.701937,49.789667],[6.702575,49.789678],[6.702613,49.789681],[6.703076,49.789694],[6.70313,49.789696],[6.703212,49.789703],[6.703244,49.789696],[6.704362,49.789648],[6.704415,49.788183],[6.704285,49.786816],[6.704151,49.785985],[6.704296,49.784991],[6.70398,49.783806],[6.703395,49.782908],[6.702758,49.78228],[6.702577,49.782102],[6.7013,49.781219],[6.700588,49.780837],[6.699024,49.779997],[6.696562,49.779107],[6.695464,49.778843],[6.692975,49.778411],[6.692337,49.778302],[6.689534,49.777883],[6.684547,49.777673],[6.683755,49.777601],[6.681503,49.777383],[6.679037,49.777104],[6.678831,49.777951],[6.677751,49.777825],[6.677562,49.778233],[6.677524,49.778793],[6.677401,49.778785],[6.677398,49.77885],[6.677364,49.778866],[6.676416,49.779763],[6.677125,49.780084],[6.677339,49.780192],[6.678917,49.780974],[6.679811,49.781426],[6.680548,49.781811],[6.680554,49.781841],[6.680047,49.782022],[6.679481,49.782436],[6.679728,49.782563],[6.679868,49.782645],[6.679988,49.782754],[6.680095,49.782884],[6.680187,49.783058],[6.680327,49.783641],[6.680237,49.783914]]]},"$schema":null,"$context":null},{"type":"Feature","properties":{"ID1":5,"ORTSBEZIRK":"West\/Pallien","ORTSBEZIR1":31,"link":"https:\/\/www.trier.de\/leben-in-trier\/ortsbezirke\/"},"bbox":[6.589865,49.742248,6.649563,49.784548],"geometry":{"type":"Polygon","coordinates":[[[6.615584,49.762167],[6.616197,49.762575],[6.61717,49.763149],[6.617611,49.763489],[6.618596,49.763962],[6.618918,49.764255],[6.618945,49.764279],[6.61903,49.764358],[6.618795,49.764457],[6.618635,49.764461],[6.617687,49.764561],[6.617607,49.764571],[6.617203,49.764804],[6.616136,49.765081],[6.615597,49.765071],[6.61456,49.765327],[6.613612,49.765198],[6.613113,49.765359],[6.612167,49.765885],[6.611808,49.766393],[6.612261,49.767174],[6.61252,49.767543],[6.612746,49.767965],[6.612773,49.768014],[6.612781,49.768034],[6.612855,49.768211],[6.612649,49.76841],[6.611982,49.768804],[6.612026,49.768882],[6.611704,49.769032],[6.611251,49.769244],[6.610976,49.769372],[6.610931,49.769384],[6.610731,49.769435],[6.610631,49.769642],[6.61017,49.769937],[6.609287,49.770502],[6.609178,49.770572],[6.608867,49.770726],[6.608825,49.770747],[6.608709,49.770804],[6.608146,49.771084],[6.607885,49.771132],[6.605167,49.771631],[6.604799,49.771665],[6.603757,49.77176],[6.603119,49.771817],[6.602924,49.771841],[6.602725,49.771865],[6.602535,49.771888],[6.601257,49.772045],[6.601178,49.772055],[6.60112,49.772062],[6.60097,49.77208],[6.600892,49.77209],[6.60067,49.772117],[6.600658,49.772119],[6.600338,49.772159],[6.600677,49.772314],[6.600694,49.772377],[6.600636,49.772412],[6.600432,49.772461],[6.599658,49.772561],[6.598851,49.772683],[6.598036,49.772806],[6.597847,49.772835],[6.597573,49.772876],[6.597844,49.772662],[6.597838,49.772464],[6.597571,49.772497],[6.597303,49.77253],[6.597265,49.772535],[6.596605,49.772616],[6.596484,49.77263],[6.596273,49.772656],[6.596124,49.772675],[6.595633,49.772735],[6.595261,49.772782],[6.594431,49.773243],[6.594321,49.773305],[6.593916,49.773531],[6.593788,49.773603],[6.593717,49.773642],[6.593587,49.773715],[6.593514,49.773757],[6.593426,49.773805],[6.593552,49.773904],[6.593604,49.773944],[6.593793,49.774092],[6.593885,49.774164],[6.593929,49.774199],[6.594062,49.77431],[6.594201,49.774412],[6.594577,49.774706],[6.595107,49.775122],[6.594455,49.775469],[6.594314,49.775544],[6.594191,49.775609],[6.592806,49.776344],[6.592427,49.776546],[6.592056,49.776501],[6.591575,49.776443],[6.591246,49.776403],[6.590633,49.77633],[6.589865,49.776249],[6.589899,49.776492],[6.58991,49.776569],[6.589969,49.777],[6.589974,49.777023],[6.59001,49.777272],[6.590026,49.777388],[6.590151,49.778265],[6.590185,49.778498],[6.590194,49.778563],[6.590256,49.779003],[6.590378,49.779855],[6.590411,49.780091],[6.592278,49.779803],[6.592665,49.779743],[6.5936,49.779598],[6.594854,49.779122],[6.596404,49.778533],[6.59677,49.778394],[6.597845,49.777847],[6.597868,49.777859],[6.598285,49.77806],[6.600032,49.778903],[6.600378,49.778986],[6.600407,49.778993],[6.60045,49.779003],[6.600896,49.77911],[6.60181,49.779329],[6.601829,49.779333],[6.601959,49.779364],[6.602094,49.779455],[6.602204,49.779533],[6.602541,49.779772],[6.602845,49.779988],[6.603026,49.780116],[6.603606,49.780527],[6.603619,49.780537],[6.603384,49.780562],[6.603179,49.780586],[6.602985,49.780648],[6.602923,49.780664],[6.602798,49.780688],[6.602709,49.780745],[6.602677,49.780883],[6.602656,49.781015],[6.60269,49.781086],[6.602707,49.781183],[6.602729,49.781303],[6.60274,49.78136],[6.602757,49.781698],[6.602761,49.781778],[6.602689,49.781942],[6.602619,49.782055],[6.602556,49.782089],[6.602514,49.782111],[6.601609,49.78256],[6.601422,49.78262],[6.600464,49.782929],[6.599843,49.783129],[6.599699,49.783175],[6.599454,49.783216],[6.599181,49.78324],[6.598591,49.783289],[6.598102,49.783378],[6.59778,49.783463],[6.597459,49.783548],[6.596837,49.783755],[6.596472,49.784019],[6.596032,49.784391],[6.595968,49.784447],[6.595985,49.784456],[6.596031,49.784479],[6.596074,49.784472],[6.596121,49.784465],[6.596184,49.784454],[6.596403,49.784515],[6.596478,49.784536],[6.596586,49.784548],[6.596664,49.784522],[6.597062,49.784249],[6.597258,49.784171],[6.59738,49.784136],[6.598208,49.784073],[6.59873,49.784121],[6.599127,49.78415],[6.599699,49.784154],[6.60018,49.784138],[6.600881,49.783996],[6.600962,49.784023],[6.601263,49.784001],[6.601872,49.783972],[6.602931,49.784032],[6.60357,49.783968],[6.603915,49.783849],[6.604383,49.783601],[6.604742,49.783259],[6.605155,49.782898],[6.605949,49.782552],[6.606415,49.782458],[6.607423,49.782441],[6.608025,49.782424],[6.609965,49.78219],[6.610319,49.782178],[6.610334,49.782178],[6.610781,49.782185],[6.611769,49.782209],[6.612636,49.782217],[6.61424,49.782336],[6.614439,49.782318],[6.614419,49.78225],[6.614881,49.782194],[6.615445,49.782125],[6.617277,49.782178],[6.617688,49.78219],[6.617743,49.782176],[6.618036,49.782107],[6.618089,49.782081],[6.618319,49.78201],[6.618422,49.782016],[6.61934,49.781784],[6.620395,49.781398],[6.6214,49.779604],[6.622845,49.779749],[6.624054,49.779427],[6.625107,49.779324],[6.625772,49.778668],[6.626114,49.778732],[6.626893,49.778879],[6.628531,49.779251],[6.62999,49.77964],[6.631689,49.780132],[6.631892,49.780057],[6.632314,49.779798],[6.632382,49.779746],[6.632656,49.77959],[6.632967,49.779447],[6.633254,49.779355],[6.633525,49.779287],[6.633946,49.779255],[6.634093,49.779251],[6.634863,49.778968],[6.634647,49.778516],[6.634247,49.777599],[6.63423,49.777276],[6.634708,49.776969],[6.635141,49.776801],[6.635731,49.776624],[6.636523,49.776383],[6.636931,49.776329],[6.637332,49.776074],[6.637675,49.775739],[6.638311,49.77529],[6.638844,49.774913],[6.639297,49.774716],[6.640395,49.774469],[6.640778,49.774435],[6.640909,49.774588],[6.641376,49.774868],[6.641697,49.775178],[6.642646,49.775374],[6.643205,49.775552],[6.64396,49.775867],[6.644724,49.776107],[6.64566,49.77633],[6.647231,49.776522],[6.647564,49.776488],[6.647684,49.7764],[6.647984,49.776037],[6.648309,49.775739],[6.648624,49.775429],[6.648888,49.775201],[6.649441,49.774824],[6.648999,49.77383],[6.6492,49.773881],[6.64929,49.773554],[6.649177,49.773531],[6.649144,49.773437],[6.649192,49.773283],[6.649563,49.772339],[6.648272,49.772106],[6.64549,49.771394],[6.645253,49.771324],[6.641419,49.770154],[6.639737,49.76948],[6.637986,49.768619],[6.635847,49.767198],[6.634543,49.766484],[6.633325,49.765683],[6.631755,49.764311],[6.630263,49.762762],[6.628978,49.761094],[6.628801,49.760785],[6.628066,49.759467],[6.627531,49.757701],[6.627374,49.7569],[6.626707,49.753506],[6.626476,49.751896],[6.62638,49.751225],[6.626275,49.749771],[6.626185,49.748787],[6.626233,49.746541],[6.62644,49.744648],[6.625388,49.744641],[6.624986,49.744651],[6.624837,49.744663],[6.624628,49.744695],[6.623855,49.744863],[6.623754,49.744738],[6.623654,49.74476],[6.623648,49.744752],[6.623197,49.74485],[6.623125,49.744876],[6.622901,49.744947],[6.622903,49.744954],[6.622887,49.744959],[6.622842,49.744901],[6.622764,49.744927],[6.622713,49.74494],[6.622391,49.744508],[6.62193,49.743999],[6.621371,49.743448],[6.620611,49.742862],[6.619613,49.742248],[6.618595,49.742665],[6.618193,49.74311],[6.618023,49.743264],[6.617819,49.743389],[6.617566,49.743512],[6.617221,49.743641],[6.615633,49.744183],[6.61404,49.744732],[6.614763,49.745277],[6.612261,49.746033],[6.61248,49.746336],[6.611126,49.746723],[6.611185,49.746852],[6.611244,49.746981],[6.611374,49.747176],[6.611079,49.747267],[6.610192,49.74755],[6.608577,49.748061],[6.608323,49.748141],[6.607499,49.748386],[6.606417,49.748724],[6.604593,49.749287],[6.603699,49.749587],[6.602039,49.750035],[6.600696,49.75037],[6.599221,49.750735],[6.59903,49.75126],[6.598755,49.751971],[6.598535,49.752527],[6.598334,49.753548],[6.598287,49.753792],[6.598268,49.753892],[6.598268,49.753894],[6.598268,49.753901],[6.598752,49.754011],[6.599624,49.754157],[6.59983,49.754196],[6.600218,49.754218],[6.600462,49.754228],[6.600688,49.75426],[6.601279,49.754381],[6.60147,49.754449],[6.602695,49.755301],[6.603094,49.755578],[6.603436,49.755816],[6.603172,49.756014],[6.602729,49.756346],[6.60231,49.756684],[6.602245,49.756737],[6.60194,49.756982],[6.601711,49.757182],[6.601703,49.757189],[6.601696,49.757195],[6.601633,49.75725],[6.601467,49.757391],[6.601228,49.757594],[6.601192,49.757624],[6.601142,49.757667],[6.602719,49.758447],[6.603223,49.758763],[6.604589,49.759409],[6.604993,49.759669],[6.605941,49.760048],[6.606371,49.760318],[6.607073,49.760461],[6.607781,49.760655],[6.608069,49.760734],[6.609308,49.761188],[6.610747,49.76138],[6.611175,49.761321],[6.611773,49.761378],[6.612304,49.761484],[6.612992,49.761544],[6.613582,49.76167],[6.614163,49.76188],[6.614503,49.761928],[6.615584,49.762167]]]},"$schema":null,"$context":null},{"type":"Feature","properties":{"ID1":6,"ORTSBEZIRK":"Euren","ORTSBEZIR1":32,"link":"https:\/\/www.trier.de\/leben-in-trier\/ortsbezirke\/"},"bbox":[6.558715,49.713518,6.626995,49.757146],"geometry":{"type":"Polygon","coordinates":[[[6.558735,49.745203],[6.558761,49.745248],[6.558773,49.74527],[6.558715,49.745337],[6.558813,49.74549],[6.559314,49.745817],[6.559374,49.745856],[6.559448,49.745904],[6.559601,49.746004],[6.55975,49.746102],[6.559764,49.746112],[6.559939,49.746237],[6.560055,49.746272],[6.560636,49.746279],[6.560986,49.746466],[6.561002,49.746474],[6.561148,49.746552],[6.561515,49.746749],[6.561613,49.746801],[6.561756,49.746859],[6.561992,49.746953],[6.562006,49.746912],[6.562534,49.746868],[6.562726,49.746852],[6.563208,49.746441],[6.563342,49.746326],[6.56425,49.746951],[6.564928,49.747417],[6.565259,49.747645],[6.56572,49.747962],[6.567413,49.749127],[6.566978,49.749515],[6.566937,49.749551],[6.56687,49.74961],[6.566975,49.749669],[6.567097,49.749737],[6.567504,49.749911],[6.568298,49.750169],[6.568946,49.750393],[6.569421,49.750586],[6.570274,49.751027],[6.571216,49.752182],[6.571158,49.752199],[6.57125,49.752221],[6.571323,49.752303],[6.571369,49.752355],[6.571435,49.752429],[6.571568,49.752477],[6.571494,49.752502],[6.571601,49.752637],[6.571648,49.752696],[6.571749,49.752825],[6.57295,49.754363],[6.573331,49.754959],[6.574205,49.756326],[6.574265,49.75642],[6.57443,49.756678],[6.574631,49.756993],[6.574757,49.75705],[6.574885,49.757056],[6.574895,49.757146],[6.575137,49.757128],[6.575371,49.75711],[6.57559,49.757094],[6.575724,49.757078],[6.576277,49.757011],[6.576375,49.756995],[6.576605,49.756956],[6.576955,49.756897],[6.576968,49.756893],[6.577259,49.756829],[6.57736,49.756806],[6.577617,49.756749],[6.577634,49.756745],[6.578105,49.756626],[6.578261,49.756586],[6.578423,49.756552],[6.578918,49.75645],[6.578961,49.756443],[6.579371,49.756379],[6.579586,49.756345],[6.579688,49.756333],[6.580023,49.756297],[6.580265,49.75627],[6.580951,49.756227],[6.581509,49.756185],[6.582058,49.756115],[6.582597,49.756016],[6.583034,49.755913],[6.58351,49.755806],[6.583699,49.755774],[6.583907,49.75574],[6.584311,49.755693],[6.584721,49.755665],[6.585159,49.755659],[6.585456,49.755657],[6.585689,49.755655],[6.585792,49.755651],[6.586246,49.75563],[6.586857,49.755577],[6.586949,49.755569],[6.587082,49.75555],[6.587221,49.755521],[6.587284,49.755503],[6.587354,49.755483],[6.587498,49.755432],[6.587503,49.755433],[6.587649,49.755482],[6.59565,49.754085],[6.596207,49.753987],[6.597388,49.753938],[6.598268,49.753901],[6.598268,49.753894],[6.598268,49.753892],[6.598287,49.753792],[6.598334,49.753548],[6.598535,49.752527],[6.598755,49.751971],[6.59903,49.75126],[6.599221,49.750735],[6.600696,49.75037],[6.602039,49.750035],[6.603699,49.749587],[6.604593,49.749287],[6.606417,49.748724],[6.607499,49.748386],[6.608323,49.748141],[6.608577,49.748061],[6.610192,49.74755],[6.611079,49.747267],[6.611374,49.747176],[6.611244,49.746981],[6.611185,49.746852],[6.611126,49.746723],[6.61248,49.746336],[6.612261,49.746033],[6.614763,49.745277],[6.61404,49.744732],[6.615633,49.744183],[6.617221,49.743641],[6.617566,49.743512],[6.617819,49.743389],[6.618023,49.743264],[6.618193,49.74311],[6.618595,49.742665],[6.619613,49.742248],[6.620611,49.742862],[6.621371,49.743448],[6.62193,49.743999],[6.622391,49.744508],[6.622713,49.74494],[6.622764,49.744927],[6.622842,49.744901],[6.622887,49.744959],[6.622903,49.744954],[6.622901,49.744947],[6.623125,49.744876],[6.623197,49.74485],[6.623648,49.744752],[6.623654,49.74476],[6.623754,49.744738],[6.623855,49.744863],[6.624628,49.744695],[6.624837,49.744663],[6.624986,49.744651],[6.625388,49.744641],[6.62644,49.744648],[6.626645,49.742933],[6.626995,49.740015],[6.626963,49.739215],[6.626919,49.738124],[6.626387,49.734635],[6.626147,49.733883],[6.625084,49.730935],[6.624063,49.729233],[6.622863,49.727625],[6.621616,49.726278],[6.620553,49.72533],[6.619081,49.724255],[6.618889,49.724114],[6.618722,49.723991],[6.618697,49.723973],[6.618457,49.723779],[6.617742,49.723202],[6.617158,49.722731],[6.616203,49.721921],[6.614067,49.720485],[6.614061,49.72048],[6.613883,49.720346],[6.613382,49.720016],[6.610943,49.718732],[6.610653,49.718579],[6.609531,49.718141],[6.609082,49.717966],[6.608619,49.7178],[6.608091,49.71765],[6.607779,49.717553],[6.607109,49.717345],[6.606205,49.717102],[6.603721,49.71645],[6.602698,49.716212],[6.602573,49.716193],[6.601594,49.716043],[6.599373,49.715326],[6.59631,49.714303],[6.595614,49.714087],[6.594873,49.713857],[6.593931,49.713519],[6.593928,49.713518],[6.593926,49.71352],[6.59389,49.713549],[6.593476,49.713883],[6.592691,49.714517],[6.592293,49.714839],[6.593147,49.715059],[6.593395,49.715124],[6.59364,49.715194],[6.594215,49.715351],[6.594575,49.715451],[6.59503,49.715594],[6.594575,49.716224],[6.594552,49.716361],[6.592628,49.718592],[6.59139,49.719891],[6.589394,49.721931],[6.589248,49.72208],[6.592795,49.723365],[6.59567,49.724414],[6.596513,49.724713],[6.597843,49.725233],[6.598442,49.725486],[6.598895,49.725708],[6.599302,49.72596],[6.599661,49.726237],[6.600259,49.72665],[6.597017,49.729071],[6.596911,49.729147],[6.595251,49.730328],[6.595207,49.730359],[6.594991,49.730512],[6.595019,49.73054],[6.594655,49.730793],[6.594581,49.730789],[6.594085,49.731061],[6.593857,49.731187],[6.593074,49.731615],[6.592784,49.731436],[6.592581,49.731548],[6.59207,49.731835],[6.591944,49.731904],[6.591539,49.732122],[6.591261,49.732277],[6.590851,49.732575],[6.590435,49.732876],[6.590104,49.733115],[6.58967,49.733076],[6.589471,49.733002],[6.589227,49.732903],[6.588981,49.732835],[6.588816,49.732788],[6.588495,49.732663],[6.588185,49.732532],[6.587508,49.732127],[6.586944,49.731397],[6.58658,49.730953],[6.585904,49.730414],[6.585288,49.729972],[6.584158,49.729037],[6.583094,49.72842],[6.582571,49.728127],[6.581708,49.727695],[6.580918,49.727405],[6.57955,49.726928],[6.577953,49.726317],[6.577642,49.726203],[6.577335,49.726089],[6.576905,49.725961],[6.576385,49.725907],[6.575162,49.726035],[6.575007,49.726051],[6.574756,49.726079],[6.574635,49.726092],[6.573838,49.726184],[6.573165,49.726538],[6.572851,49.726822],[6.572713,49.727042],[6.572566,49.727391],[6.572154,49.72831],[6.573039,49.731057],[6.573605,49.732272],[6.574839,49.732345],[6.574816,49.733575],[6.574446,49.735181],[6.574335,49.73588],[6.574273,49.736078],[6.574026,49.73622],[6.573556,49.736406],[6.572525,49.736591],[6.571333,49.736779],[6.571006,49.736695],[6.570609,49.736492],[6.570117,49.736472],[6.569699,49.736528],[6.568779,49.736737],[6.568571,49.736798],[6.568434,49.73687],[6.568135,49.736978],[6.567435,49.737275],[6.566875,49.737628],[6.566569,49.737878],[6.566408,49.738126],[6.566232,49.738489],[6.56604,49.738525],[6.565665,49.738446],[6.564946,49.738398],[6.564125,49.738747],[6.563927,49.738917],[6.563781,49.739335],[6.563771,49.739748],[6.563674,49.740106],[6.563648,49.740104],[6.563622,49.740101],[6.56324,49.739986],[6.563208,49.739979],[6.563354,49.739351],[6.5633,49.738972],[6.56314,49.738791],[6.563304,49.738459],[6.561666,49.73801],[6.561275,49.73852],[6.56139,49.738792],[6.561669,49.739141],[6.562181,49.739557],[6.562565,49.73987],[6.562658,49.740013],[6.560869,49.739968],[6.559931,49.741566],[6.55991,49.743057],[6.560368,49.743086],[6.560305,49.743505],[6.561024,49.744129],[6.560524,49.744426],[6.559488,49.744977],[6.559091,49.745147],[6.558754,49.745201],[6.558735,49.745203]]]},"$schema":null,"$context":null},{"type":"Feature","properties":{"ID1":7,"ORTSBEZIRK":"Zewen","ORTSBEZIR1":33,"link":"https:\/\/www.trier.de\/leben-in-trier\/ortsbezirke\/"},"bbox":[6.551751,49.700891,6.600259,49.745203],"geometry":{"type":"Polygon","coordinates":[[[6.558735,49.745203],[6.558754,49.745201],[6.559091,49.745147],[6.559488,49.744977],[6.560524,49.744426],[6.561024,49.744129],[6.560305,49.743505],[6.560368,49.743086],[6.55991,49.743057],[6.559931,49.741566],[6.560869,49.739968],[6.562658,49.740013],[6.562565,49.73987],[6.562181,49.739557],[6.561669,49.739141],[6.56139,49.738792],[6.561275,49.73852],[6.561666,49.73801],[6.563304,49.738459],[6.56314,49.738791],[6.5633,49.738972],[6.563354,49.739351],[6.563208,49.739979],[6.56324,49.739986],[6.563622,49.740101],[6.563648,49.740104],[6.563674,49.740106],[6.563771,49.739748],[6.563781,49.739335],[6.563927,49.738917],[6.564125,49.738747],[6.564946,49.738398],[6.565665,49.738446],[6.56604,49.738525],[6.566232,49.738489],[6.566408,49.738126],[6.566569,49.737878],[6.566875,49.737628],[6.567435,49.737275],[6.568135,49.736978],[6.568434,49.73687],[6.568571,49.736798],[6.568779,49.736737],[6.569699,49.736528],[6.570117,49.736472],[6.570609,49.736492],[6.571006,49.736695],[6.571333,49.736779],[6.572525,49.736591],[6.573556,49.736406],[6.574026,49.73622],[6.574273,49.736078],[6.574335,49.73588],[6.574446,49.735181],[6.574816,49.733575],[6.574839,49.732345],[6.573605,49.732272],[6.573039,49.731057],[6.572154,49.72831],[6.572566,49.727391],[6.572713,49.727042],[6.572851,49.726822],[6.573165,49.726538],[6.573838,49.726184],[6.574635,49.726092],[6.574756,49.726079],[6.575007,49.726051],[6.575162,49.726035],[6.576385,49.725907],[6.576905,49.725961],[6.577335,49.726089],[6.577642,49.726203],[6.577953,49.726317],[6.57955,49.726928],[6.580918,49.727405],[6.581708,49.727695],[6.582571,49.728127],[6.583094,49.72842],[6.584158,49.729037],[6.585288,49.729972],[6.585904,49.730414],[6.58658,49.730953],[6.586944,49.731397],[6.587508,49.732127],[6.588185,49.732532],[6.588495,49.732663],[6.588816,49.732788],[6.588981,49.732835],[6.589227,49.732903],[6.589471,49.733002],[6.58967,49.733076],[6.590104,49.733115],[6.590435,49.732876],[6.590851,49.732575],[6.591261,49.732277],[6.591539,49.732122],[6.591944,49.731904],[6.59207,49.731835],[6.592581,49.731548],[6.592784,49.731436],[6.593074,49.731615],[6.593857,49.731187],[6.594085,49.731061],[6.594581,49.730789],[6.594655,49.730793],[6.595019,49.73054],[6.594991,49.730512],[6.595207,49.730359],[6.595251,49.730328],[6.596911,49.729147],[6.597017,49.729071],[6.600259,49.72665],[6.599661,49.726237],[6.599302,49.72596],[6.598895,49.725708],[6.598442,49.725486],[6.597843,49.725233],[6.596513,49.724713],[6.59567,49.724414],[6.592795,49.723365],[6.589248,49.72208],[6.589394,49.721931],[6.59139,49.719891],[6.592628,49.718592],[6.594552,49.716361],[6.594575,49.716224],[6.59503,49.715594],[6.594575,49.715451],[6.594215,49.715351],[6.59364,49.715194],[6.593395,49.715124],[6.593147,49.715059],[6.592293,49.714839],[6.592691,49.714517],[6.593476,49.713883],[6.59389,49.713549],[6.593928,49.713518],[6.593564,49.713387],[6.589194,49.711733],[6.588651,49.711578],[6.587314,49.711198],[6.586235,49.71072],[6.584056,49.710091],[6.583962,49.710174],[6.581694,49.709526],[6.580385,49.709153],[6.579452,49.708887],[6.576895,49.708133],[6.576493,49.70796],[6.574884,49.707212],[6.574733,49.707107],[6.574353,49.706842],[6.57336,49.706141],[6.572813,49.705689],[6.572731,49.705621],[6.571552,49.704646],[6.570256,49.703385],[6.569161,49.702204],[6.568257,49.7018],[6.567737,49.701626],[6.567165,49.701434],[6.566369,49.701212],[6.56592,49.701122],[6.565017,49.701007],[6.563826,49.700925],[6.562528,49.700891],[6.562182,49.700933],[6.561055,49.701145],[6.559194,49.701484],[6.558653,49.701623],[6.559119,49.702364],[6.559164,49.702441],[6.559171,49.702452],[6.559188,49.702482],[6.559205,49.70251],[6.559212,49.702522],[6.559235,49.702561],[6.559258,49.702599],[6.559286,49.702648],[6.559313,49.702693],[6.559339,49.702736],[6.559355,49.702763],[6.559362,49.702776],[6.559365,49.70278],[6.559384,49.702814],[6.559404,49.702846],[6.559431,49.702892],[6.559456,49.702936],[6.559476,49.702969],[6.559496,49.703004],[6.559508,49.703025],[6.559535,49.70307],[6.559563,49.703118],[6.559591,49.703166],[6.559619,49.703211],[6.559637,49.703238],[6.559643,49.70325],[6.559686,49.703321],[6.559737,49.70331],[6.559815,49.703292],[6.559836,49.703287],[6.56007,49.703234],[6.560208,49.703203],[6.560444,49.703149],[6.560462,49.703273],[6.560512,49.703637],[6.560594,49.704278],[6.560662,49.704813],[6.560674,49.704902],[6.560678,49.704926],[6.560679,49.704933],[6.560679,49.704938],[6.56068,49.704944],[6.560684,49.704972],[6.56069,49.705011],[6.560703,49.705107],[6.560715,49.705193],[6.560718,49.705215],[6.560724,49.705253],[6.56114,49.705224],[6.561139,49.705277],[6.561138,49.7053],[6.561138,49.705312],[6.561137,49.705332],[6.561137,49.70539],[6.561135,49.705487],[6.561128,49.705825],[6.561494,49.705795],[6.561603,49.705799],[6.562487,49.705866],[6.56247,49.705923],[6.562448,49.705992],[6.562434,49.706038],[6.562421,49.706083],[6.562416,49.7061],[6.562406,49.70613],[6.562394,49.706169],[6.562375,49.706231],[6.56236,49.70628],[6.562348,49.706321],[6.562336,49.706359],[6.562323,49.706401],[6.562318,49.706417],[6.562311,49.706441],[6.562309,49.706448],[6.562299,49.706481],[6.562298,49.706482],[6.562286,49.706523],[6.562281,49.70654],[6.562262,49.706601],[6.562253,49.70663],[6.562244,49.70666],[6.562233,49.706694],[6.562226,49.70672],[6.562216,49.70675],[6.562208,49.706779],[6.562198,49.706809],[6.562191,49.706839],[6.562183,49.70687],[6.562176,49.706898],[6.562164,49.706943],[6.56216,49.706958],[6.562153,49.706986],[6.562145,49.707015],[6.562138,49.707043],[6.562131,49.707071],[6.56212,49.707113],[6.56212,49.707113],[6.562109,49.707156],[6.562109,49.707157],[6.562098,49.707195],[6.562097,49.707202],[6.562089,49.707233],[6.562086,49.707248],[6.56208,49.70727],[6.562077,49.70728],[6.562069,49.707312],[6.562064,49.707331],[6.562057,49.707362],[6.562047,49.707413],[6.562033,49.707476],[6.56202,49.707536],[6.562008,49.707596],[6.561996,49.70765],[6.561985,49.707705],[6.561973,49.707758],[6.561959,49.707826],[6.561945,49.707892],[6.561936,49.707932],[6.561928,49.707973],[6.561916,49.70803],[6.561904,49.708083],[6.561894,49.708131],[6.561884,49.708176],[6.561867,49.708257],[6.561858,49.708299],[6.56185,49.708338],[6.561839,49.708392],[6.561833,49.708417],[6.561828,49.708443],[6.561822,49.708469],[6.561816,49.708498],[6.561805,49.708552],[6.561795,49.708598],[6.561793,49.708607],[6.561785,49.708647],[6.561776,49.708687],[6.561775,49.708691],[6.561764,49.708742],[6.561759,49.708764],[6.561755,49.708785],[6.561744,49.708832],[6.561744,49.708834],[6.561734,49.708879],[6.561731,49.708894],[6.561725,49.708922],[6.561717,49.708956],[6.561714,49.708971],[6.561702,49.709026],[6.561701,49.709029],[6.561694,49.70906],[6.561693,49.709065],[6.561685,49.709102],[6.56168,49.709121],[6.561673,49.709153],[6.561669,49.709166],[6.561742,49.709178],[6.561866,49.709198],[6.56211,49.709238],[6.562071,49.709332],[6.562052,49.709392],[6.562031,49.70945],[6.562028,49.709457],[6.562013,49.709498],[6.561992,49.709553],[6.561971,49.709609],[6.561951,49.709663],[6.561942,49.709688],[6.561931,49.709716],[6.56191,49.709771],[6.561908,49.709777],[6.561902,49.709794],[6.56189,49.709825],[6.56187,49.709878],[6.56185,49.709933],[6.561828,49.709991],[6.561812,49.710033],[6.561757,49.71018],[6.561703,49.710321],[6.561647,49.710467],[6.561634,49.710501],[6.56162,49.710538],[6.561608,49.710571],[6.561595,49.710605],[6.561586,49.710628],[6.561572,49.710676],[6.561565,49.710684],[6.561538,49.71075],[6.56151,49.710813],[6.5615,49.710834],[6.561486,49.710865],[6.561474,49.710892],[6.56146,49.710922],[6.561436,49.710976],[6.56141,49.711033],[6.561378,49.711112],[6.561354,49.711167],[6.561309,49.711267],[6.561263,49.711372],[6.561389,49.7114],[6.561427,49.711407],[6.561611,49.711442],[6.561567,49.711528],[6.561565,49.71153],[6.561553,49.711554],[6.561388,49.711879],[6.561354,49.711945],[6.561253,49.712143],[6.561221,49.712206],[6.56115,49.71233],[6.561155,49.712332],[6.561582,49.712449],[6.561782,49.712505],[6.561853,49.712524],[6.562614,49.712734],[6.562584,49.712777],[6.562576,49.712787],[6.562534,49.712847],[6.56251,49.712881],[6.562495,49.712902],[6.562456,49.712958],[6.562427,49.712999],[6.562402,49.713034],[6.562344,49.713116],[6.562302,49.713175],[6.562285,49.713199],[6.562262,49.713232],[6.562217,49.713294],[6.562134,49.713413],[6.562124,49.713426],[6.56209,49.713475],[6.56205,49.713531],[6.561986,49.713622],[6.561864,49.713795],[6.561732,49.713982],[6.561585,49.714191],[6.561569,49.714213],[6.561436,49.714399],[6.561286,49.714607],[6.561051,49.714934],[6.560594,49.714953],[6.560373,49.714962],[6.560266,49.714966],[6.559447,49.715626],[6.559012,49.716314],[6.55798,49.717441],[6.557674,49.717777],[6.557596,49.717917],[6.557498,49.718003],[6.557403,49.718177],[6.557404,49.71822],[6.557356,49.718321],[6.557344,49.718401],[6.55732,49.718566],[6.557378,49.718702],[6.557361,49.718868],[6.557335,49.71913],[6.557342,49.719238],[6.557352,49.719382],[6.55732,49.719521],[6.557241,49.719841],[6.557223,49.719917],[6.557264,49.720132],[6.557276,49.720215],[6.557209,49.72039],[6.557168,49.720495],[6.557149,49.720644],[6.557084,49.720796],[6.557056,49.720862],[6.557083,49.721032],[6.556901,49.721471],[6.556901,49.721527],[6.556906,49.721979],[6.557041,49.722106],[6.55705,49.722137],[6.557083,49.722247],[6.557088,49.722374],[6.557091,49.722455],[6.557093,49.722487],[6.557138,49.722564],[6.557188,49.722648],[6.557195,49.722673],[6.557231,49.722809],[6.557242,49.722849],[6.55734,49.72296],[6.557402,49.723031],[6.55763,49.723116],[6.557763,49.72328],[6.557735,49.723323],[6.557707,49.723367],[6.557689,49.723394],[6.557677,49.723418],[6.557628,49.723516],[6.557554,49.723665],[6.557538,49.723692],[6.557506,49.723751],[6.557442,49.723864],[6.557434,49.723878],[6.557356,49.723964],[6.557233,49.724009],[6.557181,49.724031],[6.557059,49.724074],[6.556932,49.724132],[6.55689,49.724159],[6.556825,49.724198],[6.556716,49.72425],[6.55644,49.724416],[6.55613,49.724596],[6.555975,49.724661],[6.555744,49.724852],[6.555495,49.724956],[6.555263,49.725076],[6.555158,49.725207],[6.555073,49.725403],[6.554922,49.72566],[6.554908,49.725705],[6.554902,49.725759],[6.554972,49.725819],[6.555212,49.72589],[6.555388,49.725961],[6.555418,49.725976],[6.555763,49.72614],[6.5558,49.726169],[6.555866,49.726228],[6.555988,49.726336],[6.556018,49.726386],[6.556027,49.726424],[6.55601,49.726515],[6.555975,49.726591],[6.555899,49.726688],[6.555776,49.72685],[6.555779,49.72714],[6.555811,49.727244],[6.555659,49.727272],[6.555372,49.72735],[6.554955,49.727478],[6.554931,49.727487],[6.554609,49.727601],[6.554574,49.727613],[6.554167,49.727798],[6.553843,49.727964],[6.553573,49.728137],[6.553554,49.728152],[6.553375,49.728297],[6.55335,49.728317],[6.553148,49.728481],[6.552919,49.728695],[6.552888,49.728723],[6.552846,49.728769],[6.552786,49.728834],[6.552688,49.728942],[6.552684,49.728946],[6.552571,49.729069],[6.552558,49.729085],[6.552415,49.729261],[6.552322,49.729172],[6.552229,49.729084],[6.552158,49.729017],[6.552085,49.729061],[6.55203,49.729095],[6.552021,49.729101],[6.55189,49.729181],[6.551751,49.729263],[6.551793,49.729302],[6.552122,49.729616],[6.552143,49.729635],[6.552607,49.730078],[6.552738,49.730203],[6.553073,49.730521],[6.553136,49.730581],[6.553203,49.73055],[6.553299,49.730504],[6.55332,49.730495],[6.553444,49.730436],[6.553451,49.730433],[6.55353,49.730395],[6.553553,49.730384],[6.55361,49.730358],[6.553715,49.730308],[6.553821,49.730258],[6.553827,49.730255],[6.553936,49.730204],[6.553993,49.730257],[6.554431,49.73067],[6.554486,49.730721],[6.554522,49.730755],[6.554894,49.731099],[6.555075,49.731262],[6.555107,49.731291],[6.555226,49.731397],[6.555351,49.73151],[6.555423,49.731581],[6.555522,49.731664],[6.556205,49.732262],[6.556555,49.73254],[6.557053,49.732935],[6.557108,49.732978],[6.557304,49.733138],[6.557398,49.733215],[6.557377,49.73322],[6.557289,49.733245],[6.557176,49.733278],[6.557064,49.73331],[6.557006,49.733326],[6.556948,49.733343],[6.556931,49.733348],[6.556888,49.73336],[6.556853,49.73337],[6.556823,49.733379],[6.556766,49.733395],[6.556649,49.733428],[6.556632,49.733433],[6.556505,49.733469],[6.556472,49.733479],[6.55654,49.733539],[6.557228,49.73416],[6.557262,49.73419],[6.557291,49.734216],[6.557299,49.734223],[6.557377,49.734294],[6.557511,49.734414],[6.55759,49.734485],[6.557666,49.734553],[6.557811,49.734685],[6.557878,49.734745],[6.557956,49.734815],[6.557945,49.734836],[6.557829,49.735051],[6.557781,49.73514],[6.557597,49.735481],[6.557481,49.735698],[6.557436,49.73578],[6.55742,49.735809],[6.557347,49.73594],[6.557289,49.736044],[6.557274,49.73607],[6.557242,49.736127],[6.557198,49.736205],[6.557165,49.73627],[6.557095,49.736408],[6.556892,49.736807],[6.556863,49.736863],[6.556827,49.736902],[6.55681,49.736921],[6.556705,49.737034],[6.556641,49.737103],[6.556638,49.737106],[6.556451,49.737308],[6.556446,49.737314],[6.556362,49.737404],[6.556279,49.737494],[6.556053,49.737739],[6.555824,49.737986],[6.55576,49.738055],[6.555733,49.738085],[6.555638,49.738187],[6.555552,49.73828],[6.555469,49.738369],[6.555383,49.738463],[6.555296,49.738556],[6.555205,49.738655],[6.555118,49.738748],[6.555046,49.738827],[6.554976,49.738902],[6.554907,49.738977],[6.55484,49.739049],[6.554744,49.739153],[6.554724,49.739174],[6.554645,49.739206],[6.554592,49.739227],[6.554529,49.739252],[6.553398,49.73972],[6.55287,49.739832],[6.553058,49.739909],[6.553146,49.739892],[6.553603,49.740071],[6.554653,49.740482],[6.554902,49.74058],[6.555088,49.740653],[6.555799,49.740931],[6.556172,49.741077],[6.556332,49.74114],[6.556257,49.741386],[6.555999,49.742233],[6.555589,49.74358],[6.555649,49.74361],[6.555703,49.743638],[6.556375,49.743989],[6.556526,49.744068],[6.556638,49.744126],[6.556747,49.744182],[6.556801,49.744211],[6.557021,49.744326],[6.557545,49.744633],[6.557804,49.744785],[6.558055,49.744943],[6.55828,49.745025],[6.558469,49.745093],[6.558547,49.745105],[6.558653,49.745121],[6.558692,49.745127],[6.55872,49.745177],[6.558723,49.745182],[6.558735,49.745203]]]},"$schema":null,"$context":null},{"type":"Feature","properties":{"ID1":8,"ORTSBEZIRK":"Mitte\/Gartenfeld","ORTSBEZIR1":11,"link":"https:\/\/www.trier.de\/leben-in-trier\/ortsbezirke\/"},"bbox":[6.62638,49.745948,6.665001,49.766484],"geometry":{"type":"Polygon","coordinates":[[[6.64355,49.745948],[6.643445,49.746181],[6.643432,49.746493],[6.643408,49.746857],[6.643351,49.747102],[6.642858,49.747759],[6.642625,49.748158],[6.64251,49.748455],[6.642435,49.748596],[6.642333,49.748733],[6.642178,49.748825],[6.641934,49.748909],[6.641328,49.749048],[6.64078,49.749122],[6.639848,49.749264],[6.637083,49.749792],[6.635307,49.750015],[6.634552,49.750118],[6.631301,49.750539],[6.628295,49.750951],[6.62638,49.751225],[6.626476,49.751896],[6.626707,49.753506],[6.627374,49.7569],[6.627531,49.757701],[6.628066,49.759467],[6.628801,49.760785],[6.628978,49.761094],[6.630263,49.762762],[6.631755,49.764311],[6.633325,49.765683],[6.634543,49.766484],[6.634811,49.76615],[6.634818,49.766126],[6.634803,49.766097],[6.634774,49.766067],[6.63447,49.765847],[6.633891,49.76537],[6.632894,49.764524],[6.632826,49.764454],[6.632737,49.76433],[6.632562,49.764066],[6.633897,49.763594],[6.634582,49.763695],[6.63532,49.763879],[6.635522,49.763623],[6.635946,49.763264],[6.636388,49.763008],[6.636843,49.762636],[6.63808,49.761625],[6.638982,49.761557],[6.641267,49.760887],[6.641939,49.760703],[6.642747,49.760463],[6.644686,49.759892],[6.645483,49.759553],[6.649148,49.758084],[6.651363,49.757225],[6.651434,49.757303],[6.651487,49.757312],[6.651904,49.757744],[6.652119,49.758083],[6.652268,49.758025],[6.652392,49.757994],[6.652538,49.757985],[6.652898,49.758036],[6.652721,49.75787],[6.652636,49.7578],[6.652874,49.75769],[6.651717,49.756527],[6.65102,49.755838],[6.651358,49.755023],[6.652883,49.755962],[6.653167,49.75621],[6.653322,49.756145],[6.653795,49.755785],[6.654308,49.75548],[6.654777,49.75576],[6.655626,49.755236],[6.655753,49.755323],[6.65585,49.755387],[6.655936,49.755431],[6.656446,49.755697],[6.656968,49.755979],[6.656974,49.755976],[6.657216,49.756107],[6.657254,49.75608],[6.657561,49.755842],[6.656876,49.75521],[6.656471,49.754961],[6.65629,49.754849],[6.655859,49.754527],[6.655788,49.754555],[6.655388,49.754222],[6.655027,49.753774],[6.655443,49.753714],[6.655638,49.75366],[6.655883,49.753406],[6.655952,49.753311],[6.656017,49.753115],[6.65606,49.752892],[6.65613,49.752825],[6.656257,49.752816],[6.657382,49.753389],[6.657999,49.753709],[6.658668,49.754037],[6.659079,49.754214],[6.659537,49.754373],[6.660035,49.754504],[6.660728,49.754635],[6.661739,49.754774],[6.662377,49.754845],[6.663069,49.754727],[6.663446,49.754596],[6.6639,49.754422],[6.665001,49.754076],[6.664265,49.753636],[6.663946,49.753787],[6.662803,49.753138],[6.661784,49.752434],[6.661213,49.752089],[6.661989,49.751635],[6.661089,49.751052],[6.660353,49.750697],[6.659547,49.750291],[6.659004,49.749836],[6.658896,49.749782],[6.65814,49.749125],[6.658764,49.748657],[6.659671,49.747993],[6.65948,49.747882],[6.659271,49.74778],[6.659067,49.747704],[6.65885,49.747643],[6.658623,49.747591],[6.658322,49.747545],[6.658009,49.747527],[6.657599,49.747513],[6.656734,49.747488],[6.656438,49.747471],[6.656123,49.747438],[6.655781,49.747367],[6.655418,49.747258],[6.655151,49.747148],[6.654925,49.747031],[6.654693,49.746889],[6.654513,49.746787],[6.654327,49.746711],[6.654152,49.746659],[6.653982,49.746629],[6.653811,49.746608],[6.653643,49.746605],[6.653492,49.746624],[6.653375,49.74666],[6.653273,49.746713],[6.653194,49.746777],[6.653148,49.746852],[6.653113,49.746941],[6.653133,49.747119],[6.653233,49.74746],[6.653287,49.747733],[6.653309,49.748221],[6.653178,49.748223],[6.651316,49.748204],[6.651151,49.748356],[6.651064,49.7483],[6.650971,49.748255],[6.650849,49.748267],[6.650806,49.748318],[6.65081,49.748372],[6.650848,49.748426],[6.650972,49.748476],[6.651151,49.748571],[6.651229,49.748635],[6.65123,49.748706],[6.651171,49.748764],[6.651077,49.748775],[6.651003,49.748747],[6.650918,49.748687],[6.650806,49.748559],[6.650516,49.748167],[6.650259,49.74774],[6.649817,49.747016],[6.649411,49.746444],[6.649361,49.746425],[6.649309,49.746406],[6.649284,49.746383],[6.649292,49.746378],[6.649192,49.746293],[6.64913,49.746221],[6.648907,49.746262],[6.648857,49.746265],[6.648788,49.746273],[6.648636,49.746321],[6.648448,49.746368],[6.648339,49.746372],[6.648189,49.746408],[6.647992,49.74648],[6.648009,49.7465],[6.648047,49.746508],[6.648082,49.746551],[6.648144,49.746658],[6.648093,49.746675],[6.647995,49.746678],[6.647706,49.746769],[6.647609,49.746795],[6.647602,49.746788],[6.647501,49.746821],[6.647509,49.746842],[6.647368,49.746873],[6.647379,49.746883],[6.647346,49.746885],[6.647057,49.746867],[6.646887,49.746846],[6.646887,49.74683],[6.64626,49.746726],[6.645938,49.746669],[6.645919,49.746668],[6.645705,49.746633],[6.645465,49.746589],[6.645358,49.746567],[6.645301,49.746554],[6.645305,49.746537],[6.6454,49.746406],[6.645339,49.746303],[6.645243,49.74609],[6.64355,49.745948]]]},"$schema":null,"$context":null},{"type":"Feature","properties":{"ID1":9,"ORTSBEZIRK":"Nord","ORTSBEZIR1":12,"link":"https:\/\/www.trier.de\/leben-in-trier\/ortsbezirke\/"},"bbox":[6.632562,49.757225,6.684175,49.777601],"geometry":{"type":"Polygon","coordinates":[[[6.651363,49.757225],[6.649148,49.758084],[6.645483,49.759553],[6.644686,49.759892],[6.642747,49.760463],[6.641939,49.760703],[6.641267,49.760887],[6.638982,49.761557],[6.63808,49.761625],[6.636843,49.762636],[6.636388,49.763008],[6.635946,49.763264],[6.635522,49.763623],[6.63532,49.763879],[6.634582,49.763695],[6.633897,49.763594],[6.632562,49.764066],[6.632737,49.76433],[6.632826,49.764454],[6.632894,49.764524],[6.633891,49.76537],[6.63447,49.765847],[6.634774,49.766067],[6.634803,49.766097],[6.634818,49.766126],[6.634811,49.76615],[6.634543,49.766484],[6.635847,49.767198],[6.637986,49.768619],[6.639737,49.76948],[6.641419,49.770154],[6.645253,49.771324],[6.64549,49.771394],[6.648272,49.772106],[6.649563,49.772339],[6.651541,49.772698],[6.652076,49.772619],[6.655093,49.772947],[6.657148,49.773282],[6.659628,49.773715],[6.66131,49.774077],[6.662559,49.774391],[6.663902,49.774611],[6.666118,49.775015],[6.667916,49.775252],[6.670451,49.775662],[6.672656,49.77604],[6.67483,49.776472],[6.677098,49.776878],[6.677853,49.776967],[6.679037,49.777104],[6.681503,49.777383],[6.683755,49.777601],[6.684162,49.776001],[6.684175,49.775017],[6.683979,49.774267],[6.683753,49.773824],[6.683356,49.773234],[6.682613,49.772467],[6.682199,49.772175],[6.680542,49.771504],[6.679167,49.77102],[6.677971,49.770546],[6.676596,49.769939],[6.675656,49.769525],[6.672403,49.768007],[6.671351,49.76759],[6.668079,49.766307],[6.666584,49.765707],[6.665022,49.765112],[6.663694,49.764587],[6.663241,49.764408],[6.661317,49.763651],[6.660224,49.76322],[6.658352,49.762289],[6.65737,49.761704],[6.657138,49.761567],[6.656931,49.761435],[6.656706,49.761273],[6.65648,49.76111],[6.656203,49.760877],[6.656,49.761002],[6.655358,49.760488],[6.654621,49.759766],[6.653639,49.758778],[6.652898,49.758036],[6.652538,49.757985],[6.652392,49.757994],[6.652268,49.758025],[6.652119,49.758083],[6.651904,49.757744],[6.651487,49.757312],[6.651434,49.757303],[6.651363,49.757225]]]},"$schema":null,"$context":null},{"type":"Feature","properties":{"ID1":10,"ORTSBEZIRK":"Ehrang\/Quint","ORTSBEZIR1":21,"link":"https:\/\/www.trier.de\/leben-in-trier\/ortsbezirke\/"},"bbox":[6.631683,49.779855,6.713418,49.857146],"geometry":{"type":"Polygon","coordinates":[[[6.663501,49.779855],[6.66349,49.77986],[6.663483,49.779886],[6.663411,49.779927],[6.663322,49.779956],[6.663235,49.780035],[6.663258,49.780085],[6.663158,49.780133],[6.663115,49.780311],[6.66313,49.780339],[6.663114,49.780405],[6.663143,49.780473],[6.663164,49.780675],[6.6632,49.780762],[6.663221,49.780841],[6.663327,49.781013],[6.663442,49.781176],[6.663449,49.781226],[6.663507,49.781285],[6.663553,49.781479],[6.663595,49.78172],[6.663604,49.781719],[6.663598,49.781855],[6.66357,49.781994],[6.663501,49.782125],[6.6635,49.782158],[6.663448,49.782215],[6.663371,49.782272],[6.663283,49.782393],[6.663243,49.782417],[6.663099,49.782453],[6.663031,49.782486],[6.662833,49.782606],[6.662759,49.782635],[6.662669,49.782639],[6.662589,49.782683],[6.662517,49.782703],[6.662452,49.782708],[6.662165,49.782782],[6.662058,49.782824],[6.661947,49.782842],[6.66183,49.782885],[6.661745,49.782904],[6.661137,49.782966],[6.660889,49.78297],[6.660666,49.782929],[6.66031,49.78292],[6.660019,49.782868],[6.659936,49.782862],[6.659775,49.78287],[6.65946,49.782872],[6.659318,49.782894],[6.658952,49.782883],[6.658492,49.782959],[6.658587,49.783104],[6.658178,49.783209],[6.658184,49.783307],[6.658133,49.783684],[6.658348,49.784046],[6.658716,49.784383],[6.659238,49.784528],[6.659554,49.784764],[6.659764,49.784961],[6.659791,49.78516],[6.660475,49.785709],[6.66115,49.786159],[6.662714,49.785568],[6.662813,49.785425],[6.663067,49.785149],[6.663929,49.786075],[6.663976,49.786467],[6.663604,49.787372],[6.663584,49.787421],[6.663492,49.787652],[6.663457,49.787849],[6.663437,49.788639],[6.663399,49.788746],[6.663357,49.789913],[6.664432,49.791281],[6.664365,49.791272],[6.663251,49.791126],[6.662695,49.790998],[6.662224,49.790785],[6.661965,49.790605],[6.661773,49.790492],[6.661587,49.790297],[6.661253,49.790136],[6.660844,49.790058],[6.660565,49.789751],[6.660271,49.789589],[6.659987,49.789504],[6.659835,49.789309],[6.659192,49.789005],[6.658861,49.788857],[6.658363,49.788384],[6.657962,49.787998],[6.657032,49.78709],[6.656111,49.786858],[6.655043,49.78662],[6.654487,49.786803],[6.652475,49.786778],[6.651264,49.786568],[6.651217,49.786553],[6.650093,49.786438],[6.650038,49.787256],[6.649982,49.787823],[6.649325,49.788747],[6.648495,49.789842],[6.648226,49.789954],[6.647951,49.790035],[6.646229,49.790502],[6.645634,49.790996],[6.645381,49.791208],[6.644952,49.791449],[6.644302,49.791826],[6.643891,49.791645],[6.643351,49.791106],[6.64299,49.790745],[6.642764,49.791027],[6.642465,49.79145],[6.642472,49.791486],[6.642419,49.7919],[6.641263,49.792474],[6.64045,49.792504],[6.639688,49.79268],[6.63878,49.79293],[6.637298,49.793333],[6.636153,49.793652],[6.636076,49.793517],[6.636003,49.793227],[6.636053,49.79267],[6.636283,49.792416],[6.636312,49.791121],[6.636128,49.790635],[6.636621,49.789992],[6.636444,49.789749],[6.63591,49.789406],[6.63555,49.789333],[6.635235,49.789355],[6.635134,49.789457],[6.63394,49.789542],[6.63349,49.789847],[6.632363,49.790266],[6.632615,49.790782],[6.632607,49.791076],[6.632605,49.791106],[6.632603,49.791137],[6.632435,49.791393],[6.63234,49.791436],[6.632171,49.791492],[6.632074,49.791632],[6.632146,49.791694],[6.632243,49.79231],[6.632341,49.792937],[6.632337,49.792947],[6.632305,49.793018],[6.632299,49.793092],[6.631975,49.793371],[6.631683,49.793623],[6.6317,49.793681],[6.633248,49.794279],[6.633321,49.794347],[6.633324,49.794355],[6.633415,49.79466],[6.633494,49.794923],[6.633661,49.79548],[6.633686,49.795563],[6.633673,49.795608],[6.633753,49.795575],[6.634324,49.795679],[6.634863,49.795778],[6.635501,49.795894],[6.635606,49.795914],[6.635758,49.795941],[6.635848,49.795996],[6.635963,49.796202],[6.636208,49.796784],[6.63623,49.796835],[6.636414,49.797271],[6.636428,49.797304],[6.63649,49.797301],[6.636369,49.797885],[6.636512,49.79853],[6.637026,49.799535],[6.637128,49.799734],[6.637044,49.800025],[6.636546,49.80052],[6.636932,49.801137],[6.637001,49.801243],[6.63702,49.801275],[6.637229,49.801611],[6.636453,49.802117],[6.636368,49.802172],[6.635675,49.802635],[6.635595,49.802688],[6.635741,49.802722],[6.63639,49.802869],[6.637088,49.80309],[6.637307,49.803259],[6.637418,49.80327],[6.638117,49.803566],[6.638145,49.803617],[6.638295,49.803733],[6.638438,49.803762],[6.638558,49.803847],[6.6386,49.803861],[6.638633,49.803869],[6.638654,49.803918],[6.63875,49.803975],[6.638846,49.804017],[6.638939,49.804061],[6.639015,49.804093],[6.639194,49.804048],[6.639293,49.804068],[6.639395,49.804097],[6.639488,49.804082],[6.639587,49.804021],[6.639658,49.804006],[6.639703,49.804011],[6.639789,49.803985],[6.639811,49.803949],[6.640071,49.804049],[6.640234,49.80399],[6.640263,49.804024],[6.640339,49.804094],[6.640453,49.804115],[6.640506,49.804074],[6.640562,49.804111],[6.640631,49.804143],[6.640816,49.804151],[6.640992,49.804189],[6.641072,49.804256],[6.64118,49.80425],[6.641267,49.804258],[6.641446,49.804316],[6.641803,49.804377],[6.641963,49.804443],[6.642071,49.804511],[6.642228,49.804523],[6.64228,49.804577],[6.642325,49.804588],[6.642365,49.80454],[6.642419,49.80454],[6.642537,49.804541],[6.642734,49.804579],[6.642841,49.804598],[6.642946,49.80457],[6.643111,49.804613],[6.643197,49.804602],[6.643252,49.80467],[6.643276,49.804673],[6.643276,49.804637],[6.643565,49.804631],[6.643591,49.804707],[6.643642,49.804721],[6.643702,49.804712],[6.643763,49.804674],[6.643872,49.804721],[6.643907,49.804695],[6.644001,49.804717],[6.644013,49.80476],[6.644048,49.804823],[6.644116,49.804874],[6.644242,49.804867],[6.644332,49.804842],[6.644426,49.804839],[6.644474,49.804845],[6.644511,49.804891],[6.644718,49.804886],[6.644831,49.804908],[6.644921,49.804992],[6.645192,49.804998],[6.645238,49.804935],[6.645311,49.804941],[6.645242,49.805024],[6.645352,49.805047],[6.645386,49.805055],[6.645431,49.805029],[6.645414,49.80498],[6.645467,49.804971],[6.645559,49.805013],[6.645659,49.805024],[6.645643,49.805057],[6.645556,49.805068],[6.645543,49.805095],[6.645656,49.805114],[6.645806,49.805144],[6.64585,49.805145],[6.645817,49.805118],[6.645817,49.805097],[6.645882,49.805088],[6.645912,49.805067],[6.646042,49.805069],[6.646099,49.805099],[6.646118,49.805073],[6.646147,49.805033],[6.646264,49.805033],[6.646302,49.805053],[6.646292,49.805072],[6.646221,49.805066],[6.646205,49.805104],[6.646279,49.805106],[6.646353,49.805092],[6.646442,49.805073],[6.646535,49.805087],[6.646609,49.805084],[6.646739,49.8051],[6.646732,49.805175],[6.646811,49.805194],[6.646876,49.805155],[6.64691,49.805149],[6.646966,49.805151],[6.64695,49.8052],[6.647051,49.805235],[6.647142,49.805246],[6.647192,49.805278],[6.647169,49.805352],[6.647245,49.805352],[6.647303,49.805327],[6.64736,49.805335],[6.647354,49.805367],[6.647372,49.805419],[6.64748,49.80545],[6.647424,49.80554],[6.647496,49.805512],[6.647558,49.805473],[6.647613,49.805505],[6.64754,49.805546],[6.647553,49.805573],[6.647601,49.805574],[6.647654,49.805555],[6.647768,49.805591],[6.647795,49.805654],[6.647834,49.805657],[6.647865,49.805612],[6.647925,49.805615],[6.648027,49.805633],[6.647994,49.805681],[6.648013,49.805709],[6.648021,49.80572],[6.648083,49.805793],[6.648124,49.80578],[6.648096,49.805726],[6.648105,49.80569],[6.648154,49.805689],[6.648201,49.805754],[6.648272,49.80575],[6.648364,49.805775],[6.648263,49.805814],[6.64826,49.805846],[6.64836,49.805914],[6.648331,49.805955],[6.648418,49.805971],[6.648398,49.806019],[6.648598,49.806056],[6.648683,49.805984],[6.648738,49.806024],[6.648811,49.806024],[6.648844,49.806087],[6.648885,49.806031],[6.64892,49.806036],[6.648983,49.806065],[6.649098,49.806054],[6.64901,49.806108],[6.649094,49.806159],[6.64901,49.806177],[6.649017,49.806218],[6.649084,49.806227],[6.649082,49.806272],[6.64914,49.806276],[6.649197,49.806302],[6.649159,49.806317],[6.649167,49.806334],[6.649144,49.806357],[6.64918,49.806401],[6.64922,49.806396],[6.649267,49.806402],[6.649307,49.80643],[6.649329,49.806422],[6.649375,49.806411],[6.649387,49.806437],[6.649358,49.806467],[6.64941,49.806507],[6.649505,49.806443],[6.649661,49.806421],[6.649721,49.806431],[6.649759,49.806454],[6.649739,49.806532],[6.649793,49.806559],[6.649847,49.80658],[6.649902,49.806585],[6.649946,49.806588],[6.649954,49.806525],[6.65005,49.806532],[6.650079,49.806559],[6.650201,49.806537],[6.650298,49.80653],[6.650344,49.806474],[6.650357,49.806495],[6.650431,49.806538],[6.650525,49.806519],[6.650578,49.806553],[6.650634,49.806617],[6.650648,49.806661],[6.650803,49.806699],[6.650875,49.806723],[6.650956,49.806776],[6.650849,49.806833],[6.650868,49.806865],[6.650912,49.806876],[6.650971,49.806875],[6.651065,49.806829],[6.651099,49.806836],[6.651044,49.806908],[6.65107,49.806926],[6.651167,49.806965],[6.651158,49.807012],[6.651218,49.807024],[6.651295,49.806956],[6.651348,49.80696],[6.651332,49.806991],[6.651306,49.807052],[6.651392,49.807079],[6.65146,49.807043],[6.65151,49.807024],[6.651542,49.807044],[6.651566,49.807049],[6.651614,49.807029],[6.651654,49.807075],[6.651718,49.807052],[6.65181,49.807054],[6.651834,49.807128],[6.651892,49.807189],[6.65202,49.807245],[6.651962,49.807362],[6.652106,49.807365],[6.652027,49.807481],[6.652029,49.807527],[6.652055,49.80754],[6.65214,49.807538],[6.652135,49.807583],[6.652193,49.807599],[6.652242,49.807556],[6.652292,49.807593],[6.652257,49.807641],[6.65231,49.807648],[6.652275,49.807699],[6.652334,49.807716],[6.65239,49.807733],[6.652438,49.807732],[6.652437,49.807769],[6.652532,49.807743],[6.652575,49.807764],[6.65261,49.807788],[6.652645,49.807861],[6.652697,49.807877],[6.652764,49.80788],[6.652832,49.80787],[6.652892,49.807846],[6.653005,49.807867],[6.653056,49.807902],[6.653108,49.80784],[6.653095,49.807824],[6.653141,49.80781],[6.653158,49.807788],[6.65313,49.807767],[6.653163,49.807746],[6.653184,49.807693],[6.653297,49.807728],[6.653347,49.807742],[6.653319,49.807779],[6.653722,49.807924],[6.65363,49.807971],[6.653589,49.808031],[6.653608,49.808055],[6.653956,49.808063],[6.653912,49.808115],[6.653997,49.808167],[6.654082,49.808182],[6.654154,49.808118],[6.654243,49.808142],[6.654313,49.808287],[6.654392,49.80832],[6.654399,49.808281],[6.654431,49.80826],[6.654455,49.808251],[6.65449,49.808365],[6.654571,49.80846],[6.654626,49.80849],[6.654717,49.808518],[6.654763,49.808513],[6.654805,49.808588],[6.654959,49.808675],[6.654969,49.808759],[6.655084,49.808772],[6.655188,49.808851],[6.65531,49.808899],[6.655289,49.80893],[6.655422,49.808968],[6.655418,49.80903],[6.65552,49.80907],[6.655559,49.809096],[6.655649,49.809139],[6.655894,49.809305],[6.65585,49.809348],[6.655936,49.809382],[6.655917,49.809477],[6.656096,49.809531],[6.656149,49.809561],[6.656109,49.809593],[6.656196,49.809619],[6.6563,49.809593],[6.656339,49.809649],[6.656447,49.809718],[6.656633,49.809809],[6.656597,49.809873],[6.656644,49.809882],[6.656704,49.809834],[6.656745,49.809822],[6.656765,49.809848],[6.656952,49.809923],[6.656989,49.809913],[6.657006,49.80993],[6.657055,49.809951],[6.656976,49.809993],[6.657104,49.810067],[6.657234,49.810035],[6.657272,49.810058],[6.657228,49.810131],[6.657303,49.810152],[6.657341,49.810163],[6.657318,49.810215],[6.657449,49.810203],[6.657485,49.810329],[6.657675,49.810426],[6.657645,49.810473],[6.657674,49.81052],[6.657746,49.810599],[6.657851,49.810597],[6.657901,49.810608],[6.658023,49.810798],[6.658073,49.810775],[6.658112,49.810738],[6.658149,49.810749],[6.65816,49.810823],[6.658132,49.810873],[6.658202,49.810854],[6.65822,49.810904],[6.658292,49.810924],[6.658298,49.810952],[6.658252,49.810973],[6.658266,49.811024],[6.658377,49.811098],[6.658376,49.811168],[6.658352,49.811195],[6.658417,49.81118],[6.658416,49.81124],[6.658443,49.811297],[6.658473,49.811319],[6.658602,49.811372],[6.658849,49.811814],[6.658885,49.811854],[6.659083,49.81207],[6.65908,49.812141],[6.65916,49.81215],[6.659109,49.812193],[6.659146,49.812248],[6.659239,49.812301],[6.659265,49.812376],[6.659265,49.812406],[6.659357,49.812464],[6.659369,49.812577],[6.659574,49.812613],[6.659606,49.812667],[6.659694,49.812685],[6.659694,49.812736],[6.659783,49.812751],[6.6598,49.812784],[6.659675,49.812786],[6.659679,49.812818],[6.659714,49.812851],[6.659883,49.812791],[6.659917,49.812811],[6.659855,49.812872],[6.659851,49.812942],[6.659904,49.813012],[6.660003,49.813077],[6.659992,49.8131],[6.66001,49.813146],[6.660076,49.813163],[6.660099,49.813208],[6.660004,49.813199],[6.659994,49.813242],[6.660054,49.81325],[6.660085,49.813274],[6.659984,49.813293],[6.660008,49.813327],[6.660055,49.81334],[6.660125,49.813327],[6.660129,49.813372],[6.660114,49.813423],[6.660118,49.813483],[6.660174,49.813512],[6.660164,49.813585],[6.660231,49.813641],[6.660198,49.813721],[6.660236,49.813817],[6.660238,49.813882],[6.660292,49.813994],[6.660361,49.814064],[6.660368,49.814173],[6.660325,49.814374],[6.660418,49.814406],[6.660505,49.81446],[6.660593,49.814514],[6.660606,49.814603],[6.660609,49.814629],[6.660623,49.814746],[6.660659,49.814759],[6.660745,49.814808],[6.660795,49.814913],[6.660793,49.815023],[6.660832,49.815084],[6.660802,49.815098],[6.660829,49.815139],[6.660841,49.815193],[6.660847,49.815204],[6.660867,49.815229],[6.660841,49.815243],[6.660943,49.815424],[6.660982,49.815474],[6.660964,49.815509],[6.660939,49.815592],[6.660929,49.815648],[6.660948,49.815706],[6.660986,49.815707],[6.661026,49.815693],[6.661062,49.815743],[6.661036,49.815797],[6.661091,49.815824],[6.661071,49.815853],[6.661064,49.815896],[6.661104,49.815938],[6.661159,49.815997],[6.66116,49.81602],[6.661086,49.816013],[6.661133,49.816059],[6.661113,49.816083],[6.661194,49.81621],[6.661241,49.816305],[6.661236,49.816329],[6.661268,49.816405],[6.661327,49.816453],[6.661243,49.816476],[6.661281,49.816544],[6.66134,49.816526],[6.661399,49.816692],[6.661431,49.816778],[6.66149,49.816874],[6.661506,49.816958],[6.661428,49.816996],[6.661484,49.817047],[6.661443,49.817072],[6.661475,49.817093],[6.661473,49.817181],[6.661457,49.817268],[6.661457,49.817268],[6.661535,49.817313],[6.661489,49.817351],[6.66155,49.817498],[6.661629,49.817582],[6.661599,49.817633],[6.661683,49.817724],[6.661728,49.817768],[6.661747,49.817853],[6.661749,49.817899],[6.661804,49.817929],[6.661805,49.817982],[6.661857,49.81802],[6.661868,49.818029],[6.661851,49.818079],[6.661935,49.818133],[6.661956,49.818234],[6.661984,49.818257],[6.662022,49.818288],[6.662059,49.818318],[6.662156,49.818439],[6.662154,49.818465],[6.662183,49.818617],[6.662193,49.818657],[6.662206,49.818666],[6.662226,49.818679],[6.662434,49.818694],[6.662545,49.818732],[6.662562,49.818753],[6.662581,49.818774],[6.662613,49.818812],[6.662661,49.818851],[6.662681,49.818866],[6.662554,49.818906],[6.66237,49.819018],[6.662267,49.819107],[6.662258,49.819115],[6.661778,49.81955],[6.661561,49.81975],[6.661215,49.820168],[6.661022,49.820523],[6.660695,49.821272],[6.660583,49.821588],[6.660408,49.8219],[6.660251,49.822103],[6.660145,49.822243],[6.660068,49.822377],[6.659891,49.82257],[6.659973,49.822629],[6.660036,49.822645],[6.660066,49.822652],[6.660078,49.822655],[6.660095,49.82266],[6.6601,49.822662],[6.660112,49.822666],[6.660158,49.822685],[6.660165,49.822688],[6.660172,49.822692],[6.6602,49.822709],[6.66035,49.822804],[6.66047,49.822863],[6.660609,49.822962],[6.660624,49.823044],[6.660717,49.823042],[6.660847,49.823144],[6.660881,49.823199],[6.660917,49.823195],[6.66098,49.823238],[6.661051,49.823252],[6.661166,49.823394],[6.66121,49.823464],[6.661229,49.823531],[6.661449,49.823615],[6.661478,49.823626],[6.661626,49.823725],[6.661667,49.823781],[6.661779,49.823791],[6.661818,49.823816],[6.662087,49.824017],[6.662356,49.824092],[6.662825,49.824154],[6.662965,49.824234],[6.663252,49.82449],[6.663838,49.825001],[6.663859,49.824996],[6.663907,49.824983],[6.663996,49.825017],[6.66411,49.825023],[6.664051,49.825082],[6.664089,49.825121],[6.664177,49.825101],[6.664184,49.825151],[6.664306,49.825188],[6.664244,49.825276],[6.664383,49.825304],[6.664301,49.825393],[6.664352,49.825497],[6.664453,49.825524],[6.664492,49.825686],[6.664569,49.825751],[6.664609,49.825852],[6.664767,49.82592],[6.664777,49.826015],[6.664869,49.826052],[6.664885,49.826136],[6.664986,49.826167],[6.664985,49.826242],[6.665022,49.826248],[6.665044,49.826311],[6.665085,49.826419],[6.665335,49.826543],[6.665328,49.826624],[6.665281,49.826661],[6.665364,49.826677],[6.665338,49.826717],[6.665437,49.826746],[6.665347,49.826882],[6.665432,49.826937],[6.665531,49.826911],[6.665476,49.827022],[6.665593,49.826978],[6.665622,49.82709],[6.665793,49.827064],[6.665887,49.827124],[6.665905,49.827251],[6.665946,49.827263],[6.666026,49.827237],[6.666159,49.827357],[6.666292,49.827401],[6.666289,49.827461],[6.666408,49.827419],[6.66653,49.827469],[6.66658,49.827551],[6.666717,49.827538],[6.666707,49.827621],[6.666673,49.827715],[6.666689,49.827793],[6.666555,49.827878],[6.666538,49.827984],[6.666489,49.828034],[6.666289,49.82806],[6.666166,49.828037],[6.666128,49.828063],[6.665981,49.828052],[6.665835,49.828067],[6.665688,49.827981],[6.66554,49.828019],[6.665314,49.827944],[6.665107,49.827995],[6.66504,49.828048],[6.664972,49.828091],[6.664957,49.8281],[6.664895,49.828063],[6.664876,49.828091],[6.664865,49.828109],[6.664755,49.828147],[6.664656,49.828226],[6.664541,49.828311],[6.664457,49.828394],[6.66437,49.828454],[6.664299,49.828574],[6.664213,49.828689],[6.664226,49.828742],[6.664096,49.828881],[6.664135,49.828962],[6.664045,49.829032],[6.664046,49.829115],[6.664009,49.82919],[6.664044,49.829259],[6.664086,49.829356],[6.664122,49.829487],[6.664188,49.82949],[6.664108,49.829613],[6.664068,49.829645],[6.664122,49.8297],[6.664143,49.829841],[6.664197,49.829909],[6.664201,49.830039],[6.664276,49.830075],[6.664264,49.830128],[6.664306,49.830179],[6.664291,49.830248],[6.664388,49.830232],[6.664433,49.830299],[6.664405,49.830331],[6.664475,49.830338],[6.664457,49.83043],[6.664487,49.830554],[6.664426,49.830688],[6.664423,49.830743],[6.664533,49.830859],[6.664698,49.830963],[6.664801,49.831153],[6.664919,49.831282],[6.665024,49.831405],[6.66495,49.831457],[6.665033,49.831596],[6.66509,49.831679],[6.665151,49.831738],[6.665221,49.831856],[6.665305,49.831981],[6.665349,49.832028],[6.665499,49.832038],[6.665604,49.832119],[6.665563,49.832173],[6.665668,49.83227],[6.665653,49.832289],[6.665742,49.832382],[6.665805,49.832356],[6.665849,49.832387],[6.665866,49.832501],[6.665838,49.832536],[6.665915,49.832574],[6.665971,49.832558],[6.665983,49.83258],[6.666013,49.832632],[6.665997,49.832663],[6.666039,49.832702],[6.666036,49.832752],[6.666081,49.832792],[6.666066,49.832861],[6.666197,49.832993],[6.666364,49.83303],[6.666396,49.833068],[6.666305,49.833109],[6.666391,49.833169],[6.666422,49.833167],[6.666489,49.833251],[6.666435,49.833255],[6.66645,49.83339],[6.666429,49.833463],[6.666501,49.833504],[6.666548,49.833468],[6.666641,49.83358],[6.666711,49.833657],[6.666658,49.833686],[6.666687,49.833734],[6.666672,49.833768],[6.666694,49.833802],[6.666797,49.833775],[6.666829,49.8338],[6.666688,49.833858],[6.666737,49.833978],[6.666807,49.834055],[6.666864,49.834089],[6.666858,49.834154],[6.666903,49.83424],[6.666819,49.834259],[6.666839,49.83432],[6.666943,49.834381],[6.666866,49.834457],[6.666879,49.834545],[6.666946,49.834609],[6.666946,49.834627],[6.666997,49.83468],[6.666955,49.83476],[6.667013,49.834891],[6.6671,49.834832],[6.667179,49.834858],[6.667142,49.834936],[6.66718,49.834968],[6.667219,49.835061],[6.667323,49.835057],[6.667336,49.835133],[6.667403,49.835207],[6.667486,49.835288],[6.667513,49.835391],[6.667573,49.835459],[6.667606,49.835536],[6.667719,49.835579],[6.667736,49.835686],[6.667815,49.835717],[6.667809,49.83574],[6.667875,49.835734],[6.667869,49.835795],[6.667839,49.835866],[6.667881,49.835927],[6.667975,49.835951],[6.668011,49.83601],[6.668076,49.835966],[6.668207,49.836154],[6.668091,49.836179],[6.668172,49.836303],[6.668201,49.836405],[6.668224,49.836441],[6.668274,49.836453],[6.668309,49.836496],[6.668325,49.836532],[6.668452,49.836606],[6.668446,49.836654],[6.668453,49.836682],[6.668522,49.836693],[6.668569,49.836685],[6.668621,49.836605],[6.668675,49.836614],[6.668651,49.836685],[6.668762,49.836774],[6.668732,49.836841],[6.668767,49.836913],[6.668849,49.836923],[6.668846,49.836943],[6.668767,49.836967],[6.668827,49.837051],[6.668818,49.837059],[6.668742,49.837134],[6.668844,49.837158],[6.668896,49.837081],[6.668934,49.837079],[6.66896,49.837165],[6.668961,49.837218],[6.668973,49.837228],[6.66903,49.837276],[6.669034,49.837388],[6.668994,49.8374],[6.668974,49.837436],[6.669003,49.837482],[6.668995,49.837579],[6.66896,49.837596],[6.668967,49.837636],[6.66903,49.837657],[6.669026,49.837778],[6.669001,49.837808],[6.669036,49.837854],[6.669221,49.837843],[6.669219,49.837892],[6.669068,49.838036],[6.669025,49.838135],[6.669038,49.838202],[6.669064,49.838381],[6.669218,49.838389],[6.669307,49.838461],[6.669387,49.838622],[6.669305,49.838656],[6.669387,49.838753],[6.669503,49.838895],[6.669551,49.838894],[6.669555,49.839069],[6.669534,49.839101],[6.669458,49.839083],[6.669457,49.839175],[6.669407,49.839188],[6.669467,49.839216],[6.669508,49.839258],[6.669564,49.839248],[6.669609,49.839272],[6.669553,49.839341],[6.669509,49.839362],[6.669567,49.83942],[6.669596,49.839492],[6.669677,49.839544],[6.669722,49.839609],[6.66968,49.839743],[6.669583,49.839823],[6.669511,49.839866],[6.669496,49.839908],[6.669527,49.839938],[6.66964,49.839972],[6.669688,49.84003],[6.669563,49.840054],[6.669482,49.840187],[6.669319,49.840202],[6.669307,49.840293],[6.66944,49.840385],[6.669481,49.840453],[6.669551,49.840504],[6.669561,49.840565],[6.669622,49.840554],[6.669698,49.840644],[6.669765,49.840737],[6.669674,49.840762],[6.669697,49.840815],[6.669854,49.840801],[6.669861,49.840849],[6.66995,49.84092],[6.66997,49.841026],[6.670059,49.841124],[6.670174,49.841165],[6.670258,49.841111],[6.670403,49.841141],[6.670426,49.841196],[6.670504,49.841171],[6.670581,49.841244],[6.670531,49.841323],[6.670566,49.841357],[6.670623,49.841318],[6.670709,49.841376],[6.670646,49.841425],[6.670767,49.841516],[6.670788,49.841543],[6.67084,49.841612],[6.670766,49.84167],[6.670794,49.841698],[6.670924,49.841738],[6.670907,49.841858],[6.670986,49.841901],[6.670977,49.841937],[6.671099,49.841935],[6.671198,49.842052],[6.671057,49.842101],[6.671112,49.842197],[6.671034,49.842257],[6.671104,49.842306],[6.671085,49.842337],[6.671152,49.842439],[6.671313,49.84241],[6.671333,49.842516],[6.671386,49.842522],[6.67143,49.842462],[6.671591,49.842505],[6.67163,49.842659],[6.671756,49.84266],[6.671809,49.842616],[6.671872,49.842612],[6.671813,49.842727],[6.671926,49.842686],[6.671836,49.842843],[6.671894,49.842921],[6.671835,49.842961],[6.671974,49.84301],[6.671916,49.843122],[6.671896,49.843275],[6.671817,49.843283],[6.671891,49.843389],[6.67179,49.843462],[6.671842,49.843536],[6.671912,49.843591],[6.671895,49.843734],[6.671936,49.843798],[6.671978,49.843872],[6.672049,49.84399],[6.672178,49.844014],[6.672208,49.844099],[6.672158,49.844125],[6.672193,49.844234],[6.672045,49.844506],[6.671803,49.844775],[6.671446,49.845392],[6.671488,49.845502],[6.671485,49.845544],[6.671411,49.845592],[6.671364,49.845655],[6.671371,49.84572],[6.67139,49.845748],[6.67125,49.84585],[6.671305,49.845958],[6.671517,49.846182],[6.671539,49.846288],[6.671462,49.84642],[6.671502,49.846627],[6.67151,49.846745],[6.671506,49.846885],[6.672012,49.847708],[6.671956,49.848239],[6.671938,49.849974],[6.672491,49.850622],[6.673212,49.851326],[6.673293,49.851405],[6.67341,49.851556],[6.673578,49.853039],[6.675079,49.853558],[6.676057,49.853739],[6.676951,49.853901],[6.678239,49.854073],[6.679644,49.854362],[6.680444,49.854628],[6.681325,49.854848],[6.682744,49.85515],[6.683893,49.855337],[6.684953,49.855501],[6.685831,49.855673],[6.686568,49.855833],[6.688067,49.856122],[6.689473,49.856161],[6.69041,49.856291],[6.691297,49.85669],[6.691408,49.856741],[6.691538,49.856798],[6.691728,49.856856],[6.691836,49.856896],[6.69242,49.857113],[6.69254,49.857146],[6.692546,49.857139],[6.692595,49.857083],[6.692627,49.857047],[6.692719,49.857049],[6.69293,49.857057],[6.693048,49.857052],[6.693221,49.857046],[6.693326,49.85702],[6.693346,49.857015],[6.693467,49.85692],[6.693486,49.856905],[6.693486,49.856891],[6.69349,49.856824],[6.693488,49.856811],[6.693462,49.856665],[6.693384,49.856523],[6.693365,49.856507],[6.693317,49.856467],[6.693224,49.85639],[6.693185,49.856319],[6.693145,49.856238],[6.692989,49.856088],[6.69299,49.856042],[6.693064,49.855994],[6.69309,49.855942],[6.693135,49.855818],[6.693108,49.855646],[6.693096,49.855526],[6.693182,49.855415],[6.693294,49.855295],[6.693546,49.855163],[6.693862,49.855104],[6.694105,49.855098],[6.694399,49.855018],[6.69452,49.855047],[6.694538,49.855051],[6.694851,49.85501],[6.694891,49.855005],[6.694969,49.855016],[6.69506,49.855029],[6.695067,49.855015],[6.695185,49.854977],[6.69532,49.854884],[6.695455,49.854753],[6.695499,49.854617],[6.695465,49.854429],[6.695357,49.854257],[6.695206,49.854063],[6.69518,49.85403],[6.695187,49.853817],[6.695338,49.853592],[6.69563,49.853336],[6.695786,49.853247],[6.696047,49.853099],[6.696201,49.85302],[6.696214,49.853015],[6.696213,49.852997],[6.696213,49.852979],[6.696304,49.852955],[6.696465,49.852911],[6.696721,49.852788],[6.696859,49.852685],[6.696897,49.852635],[6.696886,49.852636],[6.696896,49.852611],[6.696897,49.852598],[6.696901,49.852537],[6.696776,49.852333],[6.696709,49.852267],[6.696611,49.852171],[6.69653,49.8521],[6.696472,49.852049],[6.696415,49.851987],[6.696371,49.85194],[6.696339,49.851857],[6.696335,49.851846],[6.696352,49.851719],[6.696413,49.85168],[6.696615,49.851585],[6.696971,49.851479],[6.697167,49.851403],[6.697341,49.85128],[6.69738,49.851252],[6.697406,49.851197],[6.697437,49.851134],[6.697467,49.851071],[6.697467,49.85101],[6.697467,49.850923],[6.697465,49.850737],[6.697464,49.850611],[6.697475,49.850483],[6.697477,49.850464],[6.697501,49.850427],[6.697592,49.850434],[6.697603,49.850435],[6.697647,49.850433],[6.697663,49.850432],[6.697699,49.85043],[6.69778,49.850428],[6.697796,49.850427],[6.697844,49.850357],[6.697852,49.850305],[6.697853,49.850298],[6.697854,49.850292],[6.697854,49.850291],[6.697972,49.850221],[6.698026,49.850189],[6.698028,49.850189],[6.69808,49.850177],[6.698116,49.850173],[6.698119,49.850177],[6.698143,49.850214],[6.698206,49.850225],[6.698244,49.850217],[6.698494,49.85017],[6.698567,49.85012],[6.698585,49.850051],[6.698587,49.850039],[6.6986,49.849936],[6.69868,49.849835],[6.698868,49.849797],[6.699013,49.849795],[6.699105,49.849765],[6.699188,49.84981],[6.699312,49.849859],[6.699412,49.849886],[6.699493,49.849877],[6.699528,49.849848],[6.699528,49.84982],[6.6995,49.84979],[6.699459,49.849743],[6.699456,49.849732],[6.699469,49.84973],[6.699601,49.849738],[6.699658,49.849714],[6.699758,49.849685],[6.69977,49.849659],[6.699735,49.849642],[6.69975,49.849635],[6.699824,49.849601],[6.699878,49.849561],[6.699936,49.849572],[6.699965,49.849537],[6.699958,49.849521],[6.699853,49.849497],[6.699817,49.849447],[6.69986,49.849428],[6.699937,49.849403],[6.700149,49.84932],[6.700342,49.849244],[6.700588,49.849131],[6.700703,49.848819],[6.700788,49.84859],[6.70096,49.848306],[6.701221,49.848043],[6.701319,49.847964],[6.701437,49.847914],[6.701867,49.847873],[6.701983,49.847889],[6.702252,49.847884],[6.702496,49.847765],[6.702705,49.847543],[6.70278,49.847485],[6.702796,49.84726],[6.702821,49.847164],[6.702749,49.846865],[6.702554,49.84663],[6.702438,49.846577],[6.702367,49.846545],[6.702272,49.846361],[6.702268,49.846335],[6.702249,49.84622],[6.702245,49.846195],[6.702255,49.846083],[6.702322,49.845899],[6.702326,49.845887],[6.702343,49.845858],[6.702377,49.845799],[6.702397,49.845764],[6.702587,49.845615],[6.702852,49.845469],[6.703125,49.84531],[6.703303,49.845237],[6.703322,49.845229],[6.703363,49.845222],[6.703425,49.845212],[6.703531,49.845194],[6.703558,49.845195],[6.703647,49.845199],[6.703903,49.845221],[6.703978,49.845221],[6.704117,49.845218],[6.704334,49.845225],[6.704522,49.845234],[6.704816,49.845238],[6.705047,49.845215],[6.705095,49.84521],[6.705303,49.845198],[6.705354,49.84519],[6.705498,49.845168],[6.705655,49.845141],[6.705751,49.845089],[6.705814,49.844964],[6.705849,49.84485],[6.705771,49.844716],[6.705751,49.844685],[6.705726,49.844649],[6.705706,49.844618],[6.705673,49.844569],[6.705556,49.844527],[6.705549,49.844528],[6.705538,49.844529],[6.705469,49.844393],[6.705407,49.84427],[6.705406,49.844],[6.705385,49.843898],[6.705327,49.843763],[6.705209,49.843624],[6.704752,49.843262],[6.704614,49.843115],[6.704574,49.843066],[6.704556,49.842993],[6.704545,49.842937],[6.704559,49.842679],[6.704706,49.842344],[6.704753,49.842134],[6.704755,49.842124],[6.704752,49.842118],[6.704661,49.841911],[6.704656,49.841901],[6.704639,49.841881],[6.704303,49.841474],[6.704206,49.841295],[6.703972,49.84088],[6.703893,49.840709],[6.703837,49.840617],[6.703762,49.840513],[6.703701,49.8404],[6.703572,49.840167],[6.70356,49.840061],[6.703626,49.840041],[6.703689,49.840028],[6.703697,49.840024],[6.703791,49.839984],[6.703797,49.839963],[6.703861,49.839951],[6.703946,49.839887],[6.704,49.839804],[6.704049,49.839726],[6.704101,49.83965],[6.70414,49.839588],[6.704313,49.839318],[6.704905,49.83908],[6.706716,49.838352],[6.707695,49.837149],[6.707902,49.836992],[6.708029,49.836975],[6.70804,49.836982],[6.708216,49.83684],[6.708322,49.836723],[6.708422,49.836612],[6.708541,49.836435],[6.708608,49.836334],[6.708612,49.836261],[6.708652,49.83618],[6.708832,49.83615],[6.708914,49.836084],[6.709012,49.836014],[6.709183,49.835915],[6.709286,49.835826],[6.709272,49.835741],[6.70935,49.835665],[6.709402,49.835606],[6.70946,49.835539],[6.709464,49.835482],[6.709535,49.835425],[6.70958,49.835369],[6.70965,49.835336],[6.709841,49.835187],[6.709942,49.835156],[6.71013,49.835192],[6.710146,49.835194],[6.710358,49.835094],[6.710585,49.834989],[6.710646,49.834989],[6.710659,49.834993],[6.710644,49.834998],[6.710645,49.835013],[6.71058,49.835172],[6.710558,49.83518],[6.710639,49.835205],[6.710781,49.83525],[6.711101,49.83535],[6.711142,49.835363],[6.711258,49.835228],[6.711296,49.835184],[6.711466,49.834984],[6.711561,49.834874],[6.711595,49.834834],[6.71164,49.834682],[6.711641,49.834682],[6.711669,49.834573],[6.71168,49.83453],[6.711709,49.834416],[6.711683,49.834378],[6.711651,49.834331],[6.711625,49.834293],[6.711511,49.834124],[6.711496,49.834102],[6.711442,49.834021],[6.711406,49.833966],[6.711365,49.833904],[6.711331,49.833854],[6.711319,49.833836],[6.711263,49.833753],[6.711222,49.833694],[6.711149,49.833587],[6.711082,49.833488],[6.711051,49.833443],[6.710901,49.833368],[6.710867,49.833352],[6.710689,49.833268],[6.710689,49.833268],[6.710566,49.833202],[6.710543,49.83319],[6.7105,49.833167],[6.710292,49.833063],[6.710255,49.833044],[6.710243,49.833027],[6.710191,49.832952],[6.710078,49.83279],[6.710062,49.832742],[6.710045,49.832716],[6.709988,49.832626],[6.70993,49.832536],[6.709872,49.832445],[6.709762,49.832272],[6.709669,49.832127],[6.709646,49.832091],[6.709625,49.832057],[6.709545,49.831932],[6.709492,49.83185],[6.709494,49.831824],[6.709496,49.831795],[6.709526,49.831361],[6.70955,49.831057],[6.709379,49.830914],[6.709333,49.830876],[6.709101,49.830685],[6.708847,49.830476],[6.708737,49.830528],[6.708565,49.830609],[6.708284,49.830369],[6.708275,49.830361],[6.708158,49.830261],[6.708042,49.830162],[6.707925,49.830062],[6.707885,49.830028],[6.707756,49.829917],[6.707585,49.829769],[6.707559,49.829747],[6.707534,49.829725],[6.707515,49.829709],[6.707465,49.829665],[6.707339,49.829557],[6.707333,49.829551],[6.707289,49.829514],[6.707239,49.82947],[6.707187,49.829426],[6.707157,49.8294],[6.707143,49.829302],[6.707118,49.829132],[6.707111,49.829086],[6.707253,49.828709],[6.707333,49.828496],[6.70735,49.828451],[6.707353,49.828368],[6.707357,49.828252],[6.707358,49.828215],[6.707326,49.828091],[6.707301,49.827996],[6.707269,49.827872],[6.707325,49.827867],[6.707444,49.827852],[6.70755,49.827838],[6.707581,49.827834],[6.707716,49.827817],[6.707776,49.827817],[6.707968,49.827817],[6.70803,49.827808],[6.708095,49.827797],[6.708253,49.82777],[6.708544,49.827644],[6.708571,49.827632],[6.708794,49.827498],[6.708885,49.827425],[6.708894,49.827418],[6.708936,49.827364],[6.708964,49.827329],[6.709033,49.827241],[6.709036,49.827236],[6.709047,49.827219],[6.709057,49.827201],[6.709091,49.827144],[6.709223,49.826919],[6.709383,49.826613],[6.709542,49.826285],[6.709878,49.825647],[6.710261,49.825017],[6.710436,49.824797],[6.710622,49.824627],[6.710882,49.824456],[6.711689,49.824017],[6.712506,49.823606],[6.712949,49.823429],[6.713418,49.823309],[6.713402,49.822915],[6.713374,49.822565],[6.713369,49.822508],[6.713371,49.822494],[6.713377,49.822435],[6.713381,49.822403],[6.713381,49.8224],[6.713381,49.822399],[6.713379,49.822325],[6.713374,49.821883],[6.713369,49.821682],[6.712359,49.821571],[6.710372,49.821217],[6.70975,49.821071],[6.708336,49.820252],[6.707947,49.819749],[6.707553,49.818992],[6.707352,49.817951],[6.707283,49.817436],[6.706997,49.815254],[6.706928,49.814045],[6.706658,49.809605],[6.706472,49.808208],[6.705527,49.806313],[6.70475,49.805592],[6.704514,49.805311],[6.70304,49.803993],[6.702583,49.803304],[6.702262,49.80282],[6.70191,49.80229],[6.701764,49.802004],[6.701623,49.80173],[6.701573,49.801633],[6.701764,49.801591],[6.701744,49.801552],[6.701762,49.801422],[6.70174,49.801331],[6.701807,49.800741],[6.701869,49.800305],[6.701958,49.799675],[6.702005,49.799535],[6.701999,49.799386],[6.701973,49.799327],[6.701999,49.79908],[6.702036,49.798871],[6.702113,49.798463],[6.702208,49.797979],[6.702336,49.797382],[6.702447,49.796899],[6.70251,49.796515],[6.702564,49.796315],[6.702567,49.796064],[6.702626,49.795734],[6.702723,49.795349],[6.702693,49.79526],[6.703091,49.794465],[6.703729,49.793331],[6.703974,49.792519],[6.704182,49.791421],[6.704298,49.790274],[6.704362,49.789648],[6.703244,49.789696],[6.703212,49.789703],[6.70313,49.789696],[6.703076,49.789694],[6.702613,49.789681],[6.702575,49.789678],[6.701937,49.789667],[6.701802,49.789176],[6.701565,49.788747],[6.701229,49.788347],[6.700782,49.787989],[6.700262,49.787687],[6.699669,49.787441],[6.699026,49.787262],[6.698185,49.787139],[6.697141,49.787038],[6.69682,49.788464],[6.696668,49.789135],[6.696612,49.789357],[6.696467,49.789714],[6.69529,49.793224],[6.6934,49.79276],[6.691519,49.79231],[6.689616,49.791835],[6.688248,49.791698],[6.686261,49.792214],[6.68559,49.792356],[6.684619,49.792431],[6.682994,49.792541],[6.682442,49.791811],[6.681501,49.790691],[6.681369,49.790526],[6.681135,49.79019],[6.680957,49.789903],[6.680804,49.78961],[6.68062,49.789191],[6.680458,49.788736],[6.68029,49.788266],[6.680175,49.787906],[6.680113,49.787618],[6.68004,49.787317],[6.679586,49.787036],[6.679339,49.786669],[6.678978,49.786275],[6.678484,49.785871],[6.675504,49.787435],[6.675187,49.787156],[6.673729,49.785862],[6.673474,49.785996],[6.673553,49.786064],[6.673472,49.786178],[6.673413,49.786287],[6.673283,49.786692],[6.673274,49.786755],[6.673265,49.786776],[6.673256,49.786786],[6.673245,49.786799],[6.673218,49.786818],[6.672864,49.786993],[6.67243,49.786641],[6.671796,49.78694],[6.671248,49.787198],[6.670818,49.787425],[6.670213,49.78683],[6.671722,49.786126],[6.670354,49.78497],[6.670454,49.784834],[6.670403,49.784827],[6.670343,49.784814],[6.670277,49.784794],[6.670214,49.784759],[6.670195,49.784746],[6.669932,49.784523],[6.669783,49.78435],[6.669265,49.783922],[6.668957,49.783746],[6.668146,49.783096],[6.667913,49.782842],[6.667347,49.782516],[6.66715,49.782349],[6.666779,49.782142],[6.666128,49.782013],[6.666043,49.781987],[6.665783,49.782013],[6.665608,49.782159],[6.665346,49.781621],[6.664463,49.780748],[6.664086,49.780423],[6.663936,49.780253],[6.663835,49.779893],[6.66353,49.779865],[6.663513,49.779861],[6.663501,49.779855]]]},"$schema":null,"$context":null}]}